split,path,figshare_pid,ncc
train,Training/glioma/Tr-gl_1004.jpg,MR048944,
train,Training/glioma/Tr-gl_1014.jpg,MR050687C,
train,Training/glioma/Tr-gl_1018.jpg,MR037458C,
train,Training/glioma/Tr-gl_1030.jpg,101020,
train,Training/glioma/Tr-gl_1033.jpg,90284,
train,Training/glioma/Tr-gl_1038.jpg,MR050135B,
train,Training/glioma/Tr-gl_104.jpg,MR048294,
train,Training/glioma/Tr-gl_1057.jpg,MR049358,
train,Training/glioma/Tr-gl_1065.jpg,93825,
train,Training/glioma/Tr-gl_107.jpg,MR048994B,
train,Training/glioma/Tr-gl_1071.jpg,MR049358,
train,Training/glioma/Tr-gl_1078.jpg,MR038469,
train,Training/glioma/Tr-gl_1083.jpg,MR049019G,
train,Training/glioma/Tr-gl_1084.jpg,MR037458C,
train,Training/glioma/Tr-gl_1088.jpg,MR032322C,
train,Training/glioma/Tr-gl_1101.jpg,MR040240B,
train,Training/glioma/Tr-gl_1110.jpg,MR040240B,
train,Training/glioma/Tr-gl_1115.jpg,MR048297,
train,Training/glioma/Tr-gl_1123.jpg,MR037458C,
train,Training/glioma/Tr-gl_1128.jpg,MR032322C,
train,Training/glioma/Tr-gl_1130.jpg,MR029209I,
train,Training/glioma/Tr-gl_1134.jpg,MR039473,
train,Training/glioma/Tr-gl_1138.jpg,MR048297,
train,Training/glioma/Tr-gl_1144.jpg,MR048994,
train,Training/glioma/Tr-gl_1147.jpg,MR051586,
train,Training/glioma/Tr-gl_115.jpg,MR053110B,
train,Training/glioma/Tr-gl_1151.jpg,MR048944B,
train,Training/glioma/Tr-gl_1165.jpg,MR051461,
train,Training/glioma/Tr-gl_1168.jpg,MR032322C,
train,Training/glioma/Tr-gl_1170.jpg,MR048994,
train,Training/glioma/Tr-gl_1174.jpg,106494,
train,Training/glioma/Tr-gl_1176.jpg,MR040240,
train,Training/glioma/Tr-gl_1192.jpg,MR033420,
train,Training/glioma/Tr-gl_1193.jpg,MR033420,
train,Training/glioma/Tr-gl_1204.jpg,MR029209E,
train,Training/glioma/Tr-gl_1209.jpg,MR051644C,
train,Training/glioma/Tr-gl_1215.jpg,MR051644C,
train,Training/glioma/Tr-gl_1221.jpg,MR049142,
train,Training/glioma/Tr-gl_1227.jpg,MR048297,
train,Training/glioma/Tr-gl_1229.jpg,MR050791B,
train,Training/glioma/Tr-gl_1231.jpg,MR053110E,
train,Training/glioma/Tr-gl_1236.jpg,MR048294,
train,Training/glioma/Tr-gl_1238.jpg,MR048944B,
train,Training/glioma/Tr-gl_1243.jpg,MR039473,
train,Training/glioma/Tr-gl_1254.jpg,MR034997,
train,Training/glioma/Tr-gl_1255.jpg,107747,
train,Training/glioma/Tr-gl_1256.jpg,112105,
train,Training/glioma/Tr-gl_1257.jpg,MR048994B,
train,Training/glioma/Tr-gl_1258.jpg,MR050687,
train,Training/glioma/Tr-gl_1266.jpg,94731,
train,Training/glioma/Tr-gl_1271.jpg,100820,
train,Training/glioma/Tr-gl_1273.jpg,96587,
train,Training/glioma/Tr-gl_1275.jpg,MR036496B,
train,Training/glioma/Tr-gl_1276.jpg,MR029209G,
train,Training/glioma/Tr-gl_1277.jpg,103148,
train,Training/glioma/Tr-gl_128.jpg,MR050687,
train,Training/glioma/Tr-gl_1282.jpg,MR033420,
train,Training/glioma/Tr-gl_1287.jpg,MR048944,
train,Training/glioma/Tr-gl_129.jpg,MR050135B,
train,Training/glioma/Tr-gl_1297.jpg,MR050135B,
train,Training/glioma/Tr-gl_1300.jpg,MR040240,
train,Training/glioma/Tr-gl_1302.jpg,MR048944,
train,Training/glioma/Tr-gl_1305.jpg,MR051644,
train,Training/glioma/Tr-gl_1314.jpg,MR049453B,
train,Training/glioma/Tr-gl_1315.jpg,MR051461,
train,Training/glioma/Tr-gl_1323.jpg,MR049358,
train,Training/glioma/Tr-gl_1324.jpg,MR053110B,
train,Training/glioma/Tr-gl_133.jpg,95142,
train,Training/glioma/Tr-gl_134.jpg,101020,
train,Training/glioma/Tr-gl_1342.jpg,MR050687,
train,Training/glioma/Tr-gl_1344.jpg,MR040240,
train,Training/glioma/Tr-gl_1345.jpg,102075,
train,Training/glioma/Tr-gl_1346.jpg,MR052585B,
train,Training/glioma/Tr-gl_1348.jpg,MR049453,
train,Training/glioma/Tr-gl_1350.jpg,MR026175E,
train,Training/glioma/Tr-gl_1366.jpg,MR033389B,
train,Training/glioma/Tr-gl_1367.jpg,MR051644C,
train,Training/glioma/Tr-gl_1369.jpg,MR049142,
train,Training/glioma/Tr-gl_137.jpg,MR024780B,
train,Training/glioma/Tr-gl_1380.jpg,MR049453,
train,Training/glioma/Tr-gl_1383.jpg,MR051644C,
train,Training/glioma/Tr-gl_153.jpg,MR026175E,
train,Training/glioma/Tr-gl_161.jpg,MR049453,
train,Training/glioma/Tr-gl_170.jpg,MR050135B,
train,Training/glioma/Tr-gl_172.jpg,MR050687,
train,Training/glioma/Tr-gl_177.jpg,MR040240C,
train,Training/glioma/Tr-gl_179.jpg,MR033389B,
train,Training/glioma/Tr-gl_181.jpg,93825,
train,Training/glioma/Tr-gl_185.jpg,MR033420,
train,Training/glioma/Tr-gl_189.jpg,MR036496B,
train,Training/glioma/Tr-gl_19.jpg,MR040240,
train,Training/glioma/Tr-gl_194.jpg,MR049453B,
train,Training/glioma/Tr-gl_2.jpg,MR050687C,
train,Training/glioma/Tr-gl_213.jpg,MR052585B,
train,Training/glioma/Tr-gl_217.jpg,MR050687C,
train,Training/glioma/Tr-gl_220.jpg,MR034997,
train,Training/glioma/Tr-gl_225.jpg,MR040240B,
train,Training/glioma/Tr-gl_24.jpg,MR040240B,
train,Training/glioma/Tr-gl_258.jpg,MR049453,
train,Training/glioma/Tr-gl_259.jpg,112027,
train,Training/glioma/Tr-gl_264.jpg,MR051644,
train,Training/glioma/Tr-gl_268.jpg,MR017260F,
train,Training/glioma/Tr-gl_27.jpg,MR052585B,
train,Training/glioma/Tr-gl_278.jpg,MR036496B,
train,Training/glioma/Tr-gl_28.jpg,106494,
train,Training/glioma/Tr-gl_282.jpg,MR050135B,
train,Training/glioma/Tr-gl_285.jpg,MR048944B,
train,Training/glioma/Tr-gl_297.jpg,MR051644C,
train,Training/glioma/Tr-gl_307.jpg,95142,
train,Training/glioma/Tr-gl_311.jpg,MR048994,
train,Training/glioma/Tr-gl_313.jpg,MR040240,
train,Training/glioma/Tr-gl_318.jpg,MR037458B,
train,Training/glioma/Tr-gl_319.jpg,MR050687,
train,Training/glioma/Tr-gl_326.jpg,MR048944B,
train,Training/glioma/Tr-gl_329.jpg,112105,
train,Training/glioma/Tr-gl_33.jpg,98889,
train,Training/glioma/Tr-gl_333.jpg,MR048994,
train,Training/glioma/Tr-gl_335.jpg,MR040240B,
train,Training/glioma/Tr-gl_347.jpg,MR049142,
train,Training/glioma/Tr-gl_356.jpg,MR033420,
train,Training/glioma/Tr-gl_360.jpg,MR048994,
train,Training/glioma/Tr-gl_361.jpg,MR049358,
train,Training/glioma/Tr-gl_364.jpg,MR050135B,
train,Training/glioma/Tr-gl_369.jpg,MR049453B,
train,Training/glioma/Tr-gl_37.jpg,MR033389B,
train,Training/glioma/Tr-gl_377.jpg,MR048994,
train,Training/glioma/Tr-gl_383.jpg,MR051586,
train,Training/glioma/Tr-gl_384.jpg,107747,
train,Training/glioma/Tr-gl_388.jpg,MR053110E,
train,Training/glioma/Tr-gl_392.jpg,106494,
train,Training/glioma/Tr-gl_396.jpg,MR040240,
train,Training/glioma/Tr-gl_399.jpg,MR050135B,
train,Training/glioma/Tr-gl_4.jpg,MR048944B,
train,Training/glioma/Tr-gl_40.jpg,MR048294,
train,Training/glioma/Tr-gl_406.jpg,MR040240,
train,Training/glioma/Tr-gl_413.jpg,106494,
train,Training/glioma/Tr-gl_417.jpg,MR029209I,
train,Training/glioma/Tr-gl_420.jpg,MR049358,
train,Training/glioma/Tr-gl_423.jpg,MR052550,
train,Training/glioma/Tr-gl_424.jpg,MR049019C,
train,Training/glioma/Tr-gl_429.jpg,MR053110E,
train,Training/glioma/Tr-gl_432.jpg,MR049358,
train,Training/glioma/Tr-gl_441.jpg,MR040240B,
train,Training/glioma/Tr-gl_447.jpg,MR048944,
train,Training/glioma/Tr-gl_452.jpg,MR050135B,
train,Training/glioma/Tr-gl_457.jpg,MR017260F,
train,Training/glioma/Tr-gl_473.jpg,MR048944,
train,Training/glioma/Tr-gl_479.jpg,MR050687C,
train,Training/glioma/Tr-gl_48.jpg,MR048294B,
train,Training/glioma/Tr-gl_49.jpg,112105,
train,Training/glioma/Tr-gl_498.jpg,MR052550,
train,Training/glioma/Tr-gl_50.jpg,MR051644C,
train,Training/glioma/Tr-gl_508.jpg,MR049942B,
train,Training/glioma/Tr-gl_51.jpg,112105,
train,Training/glioma/Tr-gl_512.jpg,MR034997,
train,Training/glioma/Tr-gl_516.jpg,MR039473B,
train,Training/glioma/Tr-gl_543.jpg,MR034694,
train,Training/glioma/Tr-gl_545.jpg,MR051586,
train,Training/glioma/Tr-gl_553.jpg,MR051586,
train,Training/glioma/Tr-gl_563.jpg,MR049358,
train,Training/glioma/Tr-gl_576.jpg,MR039473B,
train,Training/glioma/Tr-gl_578.jpg,106494,
train,Training/glioma/Tr-gl_580.jpg,MR037458C,
train,Training/glioma/Tr-gl_584.jpg,MR033420,
train,Training/glioma/Tr-gl_585.jpg,MR034997,
train,Training/glioma/Tr-gl_59.jpg,MR040240C,
train,Training/glioma/Tr-gl_608.jpg,MR040240C,
train,Training/glioma/Tr-gl_615.jpg,MR050135B,
train,Training/glioma/Tr-gl_625.jpg,MR049104,
train,Training/glioma/Tr-gl_631.jpg,MR048944,
train,Training/glioma/Tr-gl_636.jpg,MR033389B,
train,Training/glioma/Tr-gl_642.jpg,107747,
train,Training/glioma/Tr-gl_646.jpg,MR033389B,
train,Training/glioma/Tr-gl_654.jpg,MR049142,
train,Training/glioma/Tr-gl_656.jpg,MR051461,
train,Training/glioma/Tr-gl_664.jpg,MR049019C,
train,Training/glioma/Tr-gl_673.jpg,MR037458B,
train,Training/glioma/Tr-gl_677.jpg,MR033389B,
train,Training/glioma/Tr-gl_683.jpg,MR049453,
train,Training/glioma/Tr-gl_687.jpg,MR033389B,
train,Training/glioma/Tr-gl_696.jpg,MR049453B,
train,Training/glioma/Tr-gl_702.jpg,MR033389B,
train,Training/glioma/Tr-gl_706.jpg,MR040240B,
train,Training/glioma/Tr-gl_720.jpg,90284,
train,Training/glioma/Tr-gl_721.jpg,MR053110B,
train,Training/glioma/Tr-gl_725.jpg,98889,
train,Training/glioma/Tr-gl_734.jpg,MR049358,
train,Training/glioma/Tr-gl_740.jpg,MR026175E,
train,Training/glioma/Tr-gl_742.jpg,MR032322C,
train,Training/glioma/Tr-gl_755.jpg,MR040240,
train,Training/glioma/Tr-gl_76.jpg,MR029209E,
train,Training/glioma/Tr-gl_761.jpg,MR052585B,
train,Training/glioma/Tr-gl_762.jpg,MR051644C,
train,Training/glioma/Tr-gl_780.jpg,88670,
train,Training/glioma/Tr-gl_782.jpg,MR017260F,
train,Training/glioma/Tr-gl_792.jpg,MR024780B,
train,Training/glioma/Tr-gl_797.jpg,MR033389B,
train,Training/glioma/Tr-gl_798.jpg,MR033389B,
train,Training/glioma/Tr-gl_8.jpg,MR048944,
train,Training/glioma/Tr-gl_80.jpg,MR034997,
train,Training/glioma/Tr-gl_806.jpg,MR049942B,
train,Training/glioma/Tr-gl_819.jpg,MR040240C,
train,Training/glioma/Tr-gl_823.jpg,112105,
train,Training/glioma/Tr-gl_824.jpg,MR038469,
train,Training/glioma/Tr-gl_837.jpg,MR049358,
train,Training/glioma/Tr-gl_839.jpg,MR034997,
train,Training/glioma/Tr-gl_855.jpg,MR033389B,
train,Training/glioma/Tr-gl_861.jpg,MR048294B,
train,Training/glioma/Tr-gl_862.jpg,MR040240D,
train,Training/glioma/Tr-gl_868.jpg,MR033420,
train,Training/glioma/Tr-gl_87.jpg,MR048994,
train,Training/glioma/Tr-gl_880.jpg,102075,
train,Training/glioma/Tr-gl_885.jpg,MR017260F,
train,Training/glioma/Tr-gl_894.jpg,MR050687,
train,Training/glioma/Tr-gl_895.jpg,MR034694,
train,Training/glioma/Tr-gl_90.jpg,MR048944B,
train,Training/glioma/Tr-gl_907.jpg,MR051644,
train,Training/glioma/Tr-gl_910.jpg,MR038469,
train,Training/glioma/Tr-gl_914.jpg,MR017260F,
train,Training/glioma/Tr-gl_918.jpg,112027,
train,Training/glioma/Tr-gl_923.jpg,MR037458C,
train,Training/glioma/Tr-gl_926.jpg,MR049453B,
train,Training/glioma/Tr-gl_931.jpg,107747,
train,Training/glioma/Tr-gl_935.jpg,MR040240B,
train,Training/glioma/Tr-gl_94.jpg,MR049453,
train,Training/glioma/Tr-gl_980.jpg,MR049019C,
train,Training/glioma/Tr-gl_994.jpg,MR051651,
train,Training/meningioma/Tr-me_1.jpg,113435,
train,Training/meningioma/Tr-me_1000.jpg,109411,
train,Training/meningioma/Tr-me_1001.jpg,112648,
train,Training/meningioma/Tr-me_1002.jpg,102420,
train,Training/meningioma/Tr-me_1003.jpg,106914,
train,Training/meningioma/Tr-me_1004.jpg,101797,
train,Training/meningioma/Tr-me_1006.jpg,97875,
train,Training/meningioma/Tr-me_1007.jpg,99089,
train,Training/meningioma/Tr-me_1008.jpg,113435,
train,Training/meningioma/Tr-me_1009.jpg,99815,
train,Training/meningioma/Tr-me_1010.jpg,101016,
train,Training/meningioma/Tr-me_1012.jpg,106720,
train,Training/meningioma/Tr-me_1013.jpg,103673,
train,Training/meningioma/Tr-me_1015.jpg,102675,
train,Training/meningioma/Tr-me_1016.jpg,104695,
train,Training/meningioma/Tr-me_1019.jpg,102446,
train,Training/meningioma/Tr-me_1026.jpg,104281,
train,Training/meningioma/Tr-me_1027.jpg,107248,
train,Training/meningioma/Tr-me_1029.jpg,97943,
train,Training/meningioma/Tr-me_1030.jpg,111366,
train,Training/meningioma/Tr-me_1034.jpg,107190,
train,Training/meningioma/Tr-me_1035.jpg,99017,
train,Training/meningioma/Tr-me_1037.jpg,106720,
train,Training/meningioma/Tr-me_1038.jpg,95969,
train,Training/meningioma/Tr-me_1039.jpg,97943,
train,Training/meningioma/Tr-me_104.jpg,101016,
train,Training/meningioma/Tr-me_1040.jpg,97374,
train,Training/meningioma/Tr-me_1041.jpg,104281,
train,Training/meningioma/Tr-me_1042.jpg,112552,
train,Training/meningioma/Tr-me_1045.jpg,112062,
train,Training/meningioma/Tr-me_1046.jpg,114018,
train,Training/meningioma/Tr-me_1048.jpg,97374,
train,Training/meningioma/Tr-me_1049.jpg,106914,
train,Training/meningioma/Tr-me_1051.jpg,97737,
train,Training/meningioma/Tr-me_1052.jpg,106534,
train,Training/meningioma/Tr-me_1053.jpg,97943,
train,Training/meningioma/Tr-me_1058.jpg,98241,
train,Training/meningioma/Tr-me_1059.jpg,112650,
train,Training/meningioma/Tr-me_106.jpg,114359,
train,Training/meningioma/Tr-me_1062.jpg,97875,
train,Training/meningioma/Tr-me_1063.jpg,100639,
train,Training/meningioma/Tr-me_1066.jpg,111710,
train,Training/meningioma/Tr-me_107.jpg,114417,
train,Training/meningioma/Tr-me_1070.jpg,107248,
train,Training/meningioma/Tr-me_1071.jpg,97943,
train,Training/meningioma/Tr-me_1074.jpg,102714,
train,Training/meningioma/Tr-me_1075.jpg,112002,
train,Training/meningioma/Tr-me_1077.jpg,106284,
train,Training/meningioma/Tr-me_108.jpg,107248,
train,Training/meningioma/Tr-me_1080.jpg,107248,
train,Training/meningioma/Tr-me_1085.jpg,112648,
train,Training/meningioma/Tr-me_1090.jpg,106284,
train,Training/meningioma/Tr-me_1092.jpg,114359,
train,Training/meningioma/Tr-me_1093.jpg,106442,
train,Training/meningioma/Tr-me_1094.jpg,102960,
train,Training/meningioma/Tr-me_1098.jpg,107494,
train,Training/meningioma/Tr-me_11.jpg,113435,
train,Training/meningioma/Tr-me_1101.jpg,100360,
train,Training/meningioma/Tr-me_1102.jpg,107248,
train,Training/meningioma/Tr-me_1103.jpg,101801,
train,Training/meningioma/Tr-me_1105.jpg,106284,
train,Training/meningioma/Tr-me_1107.jpg,112002,
train,Training/meningioma/Tr-me_1108.jpg,108514,
train,Training/meningioma/Tr-me_111.jpg,99089,
train,Training/meningioma/Tr-me_1111.jpg,102420,
train,Training/meningioma/Tr-me_1114.jpg,108514,
train,Training/meningioma/Tr-me_1116.jpg,98241,
train,Training/meningioma/Tr-me_1117.jpg,106665,
train,Training/meningioma/Tr-me_1118.jpg,105374,
train,Training/meningioma/Tr-me_1120.jpg,98241,
train,Training/meningioma/Tr-me_1124.jpg,113435,
train,Training/meningioma/Tr-me_1126.jpg,105937,
train,Training/meningioma/Tr-me_1129.jpg,103673,
train,Training/meningioma/Tr-me_1130.jpg,101797,
train,Training/meningioma/Tr-me_1133.jpg,105937,
train,Training/meningioma/Tr-me_1137.jpg,101797,
train,Training/meningioma/Tr-me_1138.jpg,104167,
train,Training/meningioma/Tr-me_114.jpg,113614,
train,Training/meningioma/Tr-me_1141.jpg,103925,
train,Training/meningioma/Tr-me_1144.jpg,103925,
train,Training/meningioma/Tr-me_1145.jpg,102420,
train,Training/meningioma/Tr-me_1147.jpg,113435,
train,Training/meningioma/Tr-me_1148.jpg,102935,
train,Training/meningioma/Tr-me_1149.jpg,112650,
train,Training/meningioma/Tr-me_115.jpg,98241,
train,Training/meningioma/Tr-me_1150.jpg,107946,
train,Training/meningioma/Tr-me_1152.jpg,114359,
train,Training/meningioma/Tr-me_1154.jpg,111696,
train,Training/meningioma/Tr-me_1156.jpg,97737,
train,Training/meningioma/Tr-me_1157.jpg,114359,
train,Training/meningioma/Tr-me_1159.jpg,106534,
train,Training/meningioma/Tr-me_1160.jpg,102714,
train,Training/meningioma/Tr-me_1161.jpg,100572,
train,Training/meningioma/Tr-me_1162.jpg,97607,
train,Training/meningioma/Tr-me_1165.jpg,106284,
train,Training/meningioma/Tr-me_1167.jpg,97607,
train,Training/meningioma/Tr-me_1169.jpg,108514,
train,Training/meningioma/Tr-me_1170.jpg,112062,
train,Training/meningioma/Tr-me_1172.jpg,105555,
train,Training/meningioma/Tr-me_1173.jpg,104281,
train,Training/meningioma/Tr-me_1176.jpg,113435,
train,Training/meningioma/Tr-me_1177.jpg,112002,
train,Training/meningioma/Tr-me_1178.jpg,102714,
train,Training/meningioma/Tr-me_1179.jpg,107494,
train,Training/meningioma/Tr-me_1180.jpg,110116,
train,Training/meningioma/Tr-me_1183.jpg,106665,
train,Training/meningioma/Tr-me_1187.jpg,104167,
train,Training/meningioma/Tr-me_1188.jpg,100360,
train,Training/meningioma/Tr-me_1189.jpg,106914,
train,Training/meningioma/Tr-me_1190.jpg,114359,
train,Training/meningioma/Tr-me_1191.jpg,103925,
train,Training/meningioma/Tr-me_1192.jpg,108945,
train,Training/meningioma/Tr-me_1195.jpg,97943,
train,Training/meningioma/Tr-me_1196.jpg,101016,
train,Training/meningioma/Tr-me_12.jpg,97875,
train,Training/meningioma/Tr-me_120.jpg,102420,
train,Training/meningioma/Tr-me_1201.jpg,111532,
train,Training/meningioma/Tr-me_1202.jpg,108514,
train,Training/meningioma/Tr-me_1203.jpg,103673,
train,Training/meningioma/Tr-me_1206.jpg,99089,
train,Training/meningioma/Tr-me_1207.jpg,102675,
train,Training/meningioma/Tr-me_1209.jpg,107494,
train,Training/meningioma/Tr-me_121.jpg,106284,
train,Training/meningioma/Tr-me_1213.jpg,108514,
train,Training/meningioma/Tr-me_1216.jpg,97943,
train,Training/meningioma/Tr-me_1218.jpg,111077,
train,Training/meningioma/Tr-me_122.jpg,104167,
train,Training/meningioma/Tr-me_1220.jpg,105555,
train,Training/meningioma/Tr-me_1222.jpg,101797,
train,Training/meningioma/Tr-me_1224.jpg,107494,
train,Training/meningioma/Tr-me_1228.jpg,106914,
train,Training/meningioma/Tr-me_1229.jpg,103925,
train,Training/meningioma/Tr-me_1233.jpg,106665,
train,Training/meningioma/Tr-me_124.jpg,98241,
train,Training/meningioma/Tr-me_1240.jpg,97607,
train,Training/meningioma/Tr-me_1241.jpg,113554,
train,Training/meningioma/Tr-me_1243.jpg,111366,
train,Training/meningioma/Tr-me_1245.jpg,99308,
train,Training/meningioma/Tr-me_1247.jpg,108514,
train,Training/meningioma/Tr-me_1248.jpg,103673,
train,Training/meningioma/Tr-me_1251.jpg,99089,
train,Training/meningioma/Tr-me_1254.jpg,106665,
train,Training/meningioma/Tr-me_1256.jpg,99162,
train,Training/meningioma/Tr-me_1257.jpg,112552,
train,Training/meningioma/Tr-me_1258.jpg,106665,
train,Training/meningioma/Tr-me_1259.jpg,112552,
train,Training/meningioma/Tr-me_1261.jpg,99288,
train,Training/meningioma/Tr-me_1264.jpg,106914,
train,Training/meningioma/Tr-me_1268.jpg,112252,
train,Training/meningioma/Tr-me_1269.jpg,103673,
train,Training/meningioma/Tr-me_127.jpg,111077,
train,Training/meningioma/Tr-me_1270.jpg,102675,
train,Training/meningioma/Tr-me_1272.jpg,101016,
train,Training/meningioma/Tr-me_1273.jpg,107946,
train,Training/meningioma/Tr-me_1275.jpg,108550,
train,Training/meningioma/Tr-me_1276.jpg,106720,
train,Training/meningioma/Tr-me_1277.jpg,112552,
train,Training/meningioma/Tr-me_1278.jpg,110116,
train,Training/meningioma/Tr-me_1279.jpg,112552,
train,Training/meningioma/Tr-me_1284.jpg,107248,
train,Training/meningioma/Tr-me_129.jpg,111532,
train,Training/meningioma/Tr-me_1293.jpg,106720,
train,Training/meningioma/Tr-me_1296.jpg,113971,
train,Training/meningioma/Tr-me_1297.jpg,101127,
train,Training/meningioma/Tr-me_1298.jpg,104281,
train,Training/meningioma/Tr-me_1299.jpg,106914,
train,Training/meningioma/Tr-me_1300.jpg,106665,
train,Training/meningioma/Tr-me_134.jpg,98241,
train,Training/meningioma/Tr-me_137.jpg,114018,
train,Training/meningioma/Tr-me_139.jpg,107494,
train,Training/meningioma/Tr-me_141.jpg,100360,
train,Training/meningioma/Tr-me_143.jpg,109968,
train,Training/meningioma/Tr-me_144.jpg,102929,
train,Training/meningioma/Tr-me_146.jpg,112552,
train,Training/meningioma/Tr-me_148.jpg,114417,
train,Training/meningioma/Tr-me_149.jpg,109968,
train,Training/meningioma/Tr-me_150.jpg,111532,
train,Training/meningioma/Tr-me_151.jpg,104167,
train,Training/meningioma/Tr-me_152.jpg,104695,
train,Training/meningioma/Tr-me_153.jpg,102818,
train,Training/meningioma/Tr-me_157.jpg,99288,
train,Training/meningioma/Tr-me_163.jpg,112648,
train,Training/meningioma/Tr-me_164.jpg,105937,
train,Training/meningioma/Tr-me_165.jpg,114359,
train,Training/meningioma/Tr-me_166.jpg,114018,
train,Training/meningioma/Tr-me_169.jpg,97607,
train,Training/meningioma/Tr-me_170.jpg,99162,
train,Training/meningioma/Tr-me_171.jpg,106914,
train,Training/meningioma/Tr-me_172.jpg,99308,
train,Training/meningioma/Tr-me_174.jpg,113554,
train,Training/meningioma/Tr-me_175.jpg,107248,
train,Training/meningioma/Tr-me_18.jpg,103925,
train,Training/meningioma/Tr-me_180.jpg,101797,
train,Training/meningioma/Tr-me_183.jpg,104167,
train,Training/meningioma/Tr-me_185.jpg,99308,
train,Training/meningioma/Tr-me_188.jpg,111077,
train,Training/meningioma/Tr-me_192.jpg,113554,
train,Training/meningioma/Tr-me_193.jpg,104167,
train,Training/meningioma/Tr-me_194.jpg,108514,
train,Training/meningioma/Tr-me_195.jpg,99089,
train,Training/meningioma/Tr-me_198.jpg,106720,
train,Training/meningioma/Tr-me_2.jpg,102818,
train,Training/meningioma/Tr-me_203.jpg,98241,
train,Training/meningioma/Tr-me_204.jpg,106665,
train,Training/meningioma/Tr-me_207.jpg,102714,
train,Training/meningioma/Tr-me_208.jpg,113435,
train,Training/meningioma/Tr-me_209.jpg,108550,
train,Training/meningioma/Tr-me_211.jpg,100360,
train,Training/meningioma/Tr-me_212.jpg,107248,
train,Training/meningioma/Tr-me_214.jpg,112552,
train,Training/meningioma/Tr-me_216.jpg,108514,
train,Training/meningioma/Tr-me_217.jpg,113098,
train,Training/meningioma/Tr-me_219.jpg,102960,
train,Training/meningioma/Tr-me_223.jpg,106534,
train,Training/meningioma/Tr-me_224.jpg,104167,
train,Training/meningioma/Tr-me_225.jpg,107248,
train,Training/meningioma/Tr-me_229.jpg,104281,
train,Training/meningioma/Tr-me_230.jpg,97737,
train,Training/meningioma/Tr-me_231.jpg,106442,
train,Training/meningioma/Tr-me_232.jpg,113971,
train,Training/meningioma/Tr-me_234.jpg,103673,
train,Training/meningioma/Tr-me_235.jpg,103673,
train,Training/meningioma/Tr-me_236.jpg,113805,
train,Training/meningioma/Tr-me_237.jpg,108945,
train,Training/meningioma/Tr-me_24.jpg,105555,
train,Training/meningioma/Tr-me_240.jpg,97607,
train,Training/meningioma/Tr-me_242.jpg,99815,
train,Training/meningioma/Tr-me_243.jpg,113614,
train,Training/meningioma/Tr-me_246.jpg,104281,
train,Training/meningioma/Tr-me_247.jpg,102960,
train,Training/meningioma/Tr-me_248.jpg,97943,
train,Training/meningioma/Tr-me_25.jpg,113554,
train,Training/meningioma/Tr-me_251.jpg,112002,
train,Training/meningioma/Tr-me_252.jpg,106442,
train,Training/meningioma/Tr-me_254.jpg,112062,
train,Training/meningioma/Tr-me_256.jpg,99308,
train,Training/meningioma/Tr-me_257.jpg,106534,
train,Training/meningioma/Tr-me_258.jpg,111532,
train,Training/meningioma/Tr-me_26.jpg,107248,
train,Training/meningioma/Tr-me_261.jpg,101016,
train,Training/meningioma/Tr-me_262.jpg,105555,
train,Training/meningioma/Tr-me_263.jpg,114018,
train,Training/meningioma/Tr-me_265.jpg,105937,
train,Training/meningioma/Tr-me_266.jpg,106442,
train,Training/meningioma/Tr-me_272.jpg,114359,
train,Training/meningioma/Tr-me_281.jpg,105555,
train,Training/meningioma/Tr-me_282.jpg,99308,
train,Training/meningioma/Tr-me_287.jpg,99162,
train,Training/meningioma/Tr-me_29.jpg,110116,
train,Training/meningioma/Tr-me_290.jpg,98241,
train,Training/meningioma/Tr-me_292.jpg,101127,
train,Training/meningioma/Tr-me_293.jpg,101797,
train,Training/meningioma/Tr-me_294.jpg,105555,
train,Training/meningioma/Tr-me_296.jpg,104281,
train,Training/meningioma/Tr-me_297.jpg,111366,
train,Training/meningioma/Tr-me_298.jpg,111532,
train,Training/meningioma/Tr-me_299.jpg,104281,
train,Training/meningioma/Tr-me_306.jpg,114018,
train,Training/meningioma/Tr-me_308.jpg,98241,
train,Training/meningioma/Tr-me_309.jpg,110116,
train,Training/meningioma/Tr-me_31.jpg,106665,
train,Training/meningioma/Tr-me_312.jpg,113805,
train,Training/meningioma/Tr-me_316.jpg,97737,
train,Training/meningioma/Tr-me_317.jpg,111366,
train,Training/meningioma/Tr-me_319.jpg,100572,
train,Training/meningioma/Tr-me_322.jpg,106534,
train,Training/meningioma/Tr-me_323.jpg,113435,
train,Training/meningioma/Tr-me_328.jpg,100360,
train,Training/meningioma/Tr-me_329.jpg,106914,
train,Training/meningioma/Tr-me_33.jpg,111366,
train,Training/meningioma/Tr-me_332.jpg,101801,
train,Training/meningioma/Tr-me_334.jpg,106665,
train,Training/meningioma/Tr-me_335.jpg,106665,
train,Training/meningioma/Tr-me_336.jpg,101127,
train,Training/meningioma/Tr-me_337.jpg,102714,
train,Training/meningioma/Tr-me_34.jpg,97737,
train,Training/meningioma/Tr-me_341.jpg,114018,
train,Training/meningioma/Tr-me_342.jpg,99017,
train,Training/meningioma/Tr-me_348.jpg,101127,
train,Training/meningioma/Tr-me_35.jpg,99308,
train,Training/meningioma/Tr-me_354.jpg,112002,
train,Training/meningioma/Tr-me_355.jpg,102960,
train,Training/meningioma/Tr-me_357.jpg,98241,
train,Training/meningioma/Tr-me_358.jpg,114359,
train,Training/meningioma/Tr-me_359.jpg,108945,
train,Training/meningioma/Tr-me_360.jpg,97875,
train,Training/meningioma/Tr-me_361.jpg,99089,
train,Training/meningioma/Tr-me_363.jpg,99815,
train,Training/meningioma/Tr-me_366.jpg,101082,
train,Training/meningioma/Tr-me_367.jpg,108514,
train,Training/meningioma/Tr-me_368.jpg,101016,
train,Training/meningioma/Tr-me_37.jpg,106442,
train,Training/meningioma/Tr-me_372.jpg,99089,
train,Training/meningioma/Tr-me_374.jpg,108590,
train,Training/meningioma/Tr-me_375.jpg,106442,
train,Training/meningioma/Tr-me_377.jpg,99017,
train,Training/meningioma/Tr-me_378.jpg,97737,
train,Training/meningioma/Tr-me_38.jpg,97737,
train,Training/meningioma/Tr-me_380.jpg,105937,
train,Training/meningioma/Tr-me_381.jpg,112552,
train,Training/meningioma/Tr-me_383.jpg,106720,
train,Training/meningioma/Tr-me_384.jpg,102420,
train,Training/meningioma/Tr-me_385.jpg,113435,
train,Training/meningioma/Tr-me_386.jpg,107248,
train,Training/meningioma/Tr-me_387.jpg,114018,
train,Training/meningioma/Tr-me_39.jpg,113554,
train,Training/meningioma/Tr-me_390.jpg,112002,
train,Training/meningioma/Tr-me_391.jpg,106665,
train,Training/meningioma/Tr-me_392.jpg,114018,
train,Training/meningioma/Tr-me_395.jpg,101797,
train,Training/meningioma/Tr-me_397.jpg,108514,
train,Training/meningioma/Tr-me_398.jpg,98241,
train,Training/meningioma/Tr-me_400.jpg,97737,
train,Training/meningioma/Tr-me_402.jpg,109968,
train,Training/meningioma/Tr-me_403.jpg,112648,
train,Training/meningioma/Tr-me_405.jpg,101797,
train,Training/meningioma/Tr-me_406.jpg,97737,
train,Training/meningioma/Tr-me_407.jpg,102714,
train,Training/meningioma/Tr-me_41.jpg,108514,
train,Training/meningioma/Tr-me_410.jpg,106720,
train,Training/meningioma/Tr-me_411.jpg,112002,
train,Training/meningioma/Tr-me_415.jpg,106284,
train,Training/meningioma/Tr-me_418.jpg,108945,
train,Training/meningioma/Tr-me_420.jpg,113554,
train,Training/meningioma/Tr-me_423.jpg,107190,
train,Training/meningioma/Tr-me_428.jpg,111077,
train,Training/meningioma/Tr-me_429.jpg,102960,
train,Training/meningioma/Tr-me_430.jpg,114359,
train,Training/meningioma/Tr-me_431.jpg,107248,
train,Training/meningioma/Tr-me_433.jpg,106914,
train,Training/meningioma/Tr-me_434.jpg,104281,
train,Training/meningioma/Tr-me_438.jpg,113098,
train,Training/meningioma/Tr-me_44.jpg,109968,
train,Training/meningioma/Tr-me_440.jpg,109968,
train,Training/meningioma/Tr-me_441.jpg,104281,
train,Training/meningioma/Tr-me_442.jpg,113554,
train,Training/meningioma/Tr-me_443.jpg,105374,
train,Training/meningioma/Tr-me_445.jpg,102929,
train,Training/meningioma/Tr-me_448.jpg,97943,
train,Training/meningioma/Tr-me_449.jpg,98241,
train,Training/meningioma/Tr-me_45.jpg,111710,
train,Training/meningioma/Tr-me_452.jpg,114359,
train,Training/meningioma/Tr-me_459.jpg,104281,
train,Training/meningioma/Tr-me_460.jpg,106914,
train,Training/meningioma/Tr-me_461.jpg,98241,
train,Training/meningioma/Tr-me_462.jpg,108945,
train,Training/meningioma/Tr-me_463.jpg,111077,
train,Training/meningioma/Tr-me_466.jpg,99089,
train,Training/meningioma/Tr-me_467.jpg,114359,
train,Training/meningioma/Tr-me_47.jpg,97374,
train,Training/meningioma/Tr-me_470.jpg,99308,
train,Training/meningioma/Tr-me_474.jpg,112552,
train,Training/meningioma/Tr-me_478.jpg,112252,
train,Training/meningioma/Tr-me_481.jpg,113435,
train,Training/meningioma/Tr-me_483.jpg,112552,
train,Training/meningioma/Tr-me_487.jpg,112002,
train,Training/meningioma/Tr-me_49.jpg,107494,
train,Training/meningioma/Tr-me_495.jpg,97875,
train,Training/meningioma/Tr-me_498.jpg,106284,
train,Training/meningioma/Tr-me_499.jpg,102675,
train,Training/meningioma/Tr-me_501.jpg,113435,
train,Training/meningioma/Tr-me_502.jpg,113435,
train,Training/meningioma/Tr-me_509.jpg,106720,
train,Training/meningioma/Tr-me_510.jpg,101016,
train,Training/meningioma/Tr-me_511.jpg,112002,
train,Training/meningioma/Tr-me_513.jpg,106665,
train,Training/meningioma/Tr-me_514.jpg,102818,
train,Training/meningioma/Tr-me_515.jpg,109968,
train,Training/meningioma/Tr-me_516.jpg,108590,
train,Training/meningioma/Tr-me_517.jpg,97737,
train,Training/meningioma/Tr-me_519.jpg,110808,
train,Training/meningioma/Tr-me_522.jpg,100360,
train,Training/meningioma/Tr-me_524.jpg,111366,
train,Training/meningioma/Tr-me_526.jpg,107494,
train,Training/meningioma/Tr-me_527.jpg,104167,
train,Training/meningioma/Tr-me_528.jpg,100360,
train,Training/meningioma/Tr-me_531.jpg,106442,
train,Training/meningioma/Tr-me_535.jpg,53669,
train,Training/meningioma/Tr-me_536.jpg,99089,
train,Training/meningioma/Tr-me_538.jpg,101016,
train,Training/meningioma/Tr-me_539.jpg,112062,
train,Training/meningioma/Tr-me_542.jpg,104281,
train,Training/meningioma/Tr-me_544.jpg,109350,
train,Training/meningioma/Tr-me_545.jpg,104281,
train,Training/meningioma/Tr-me_548.jpg,113435,
train,Training/meningioma/Tr-me_551.jpg,101127,
train,Training/meningioma/Tr-me_552.jpg,114359,
train,Training/meningioma/Tr-me_554.jpg,99308,
train,Training/meningioma/Tr-me_56.jpg,101797,
train,Training/meningioma/Tr-me_560.jpg,112552,
train,Training/meningioma/Tr-me_563.jpg,111366,
train,Training/meningioma/Tr-me_564.jpg,109968,
train,Training/meningioma/Tr-me_566.jpg,99089,
train,Training/meningioma/Tr-me_568.jpg,97737,
train,Training/meningioma/Tr-me_569.jpg,112552,
train,Training/meningioma/Tr-me_57.jpg,104281,
train,Training/meningioma/Tr-me_578.jpg,112252,
train,Training/meningioma/Tr-me_58.jpg,97943,
train,Training/meningioma/Tr-me_580.jpg,100360,
train,Training/meningioma/Tr-me_581.jpg,106665,
train,Training/meningioma/Tr-me_584.jpg,99308,
train,Training/meningioma/Tr-me_585.jpg,103925,
train,Training/meningioma/Tr-me_587.jpg,106284,
train,Training/meningioma/Tr-me_589.jpg,114359,
train,Training/meningioma/Tr-me_59.jpg,102446,
train,Training/meningioma/Tr-me_590.jpg,106665,
train,Training/meningioma/Tr-me_591.jpg,111532,
train,Training/meningioma/Tr-me_593.jpg,100572,
train,Training/meningioma/Tr-me_596.jpg,114359,
train,Training/meningioma/Tr-me_599.jpg,108945,
train,Training/meningioma/Tr-me_6.jpg,105937,
train,Training/meningioma/Tr-me_602.jpg,101016,
train,Training/meningioma/Tr-me_605.jpg,99089,
train,Training/meningioma/Tr-me_606.jpg,102960,
train,Training/meningioma/Tr-me_607.jpg,98241,
train,Training/meningioma/Tr-me_608.jpg,106720,
train,Training/meningioma/Tr-me_61.jpg,97943,
train,Training/meningioma/Tr-me_611.jpg,100572,
train,Training/meningioma/Tr-me_613.jpg,103925,
train,Training/meningioma/Tr-me_615.jpg,99308,
train,Training/meningioma/Tr-me_619.jpg,107494,
train,Training/meningioma/Tr-me_62.jpg,98241,
train,Training/meningioma/Tr-me_620.jpg,113435,
train,Training/meningioma/Tr-me_622.jpg,113435,
train,Training/meningioma/Tr-me_624.jpg,109968,
train,Training/meningioma/Tr-me_625.jpg,107946,
train,Training/meningioma/Tr-me_628.jpg,111077,
train,Training/meningioma/Tr-me_629.jpg,111366,
train,Training/meningioma/Tr-me_63.jpg,109411,
train,Training/meningioma/Tr-me_630.jpg,97607,
train,Training/meningioma/Tr-me_631.jpg,102420,
train,Training/meningioma/Tr-me_632.jpg,112002,
train,Training/meningioma/Tr-me_633.jpg,101801,
train,Training/meningioma/Tr-me_638.jpg,97943,
train,Training/meningioma/Tr-me_64.jpg,108590,
train,Training/meningioma/Tr-me_640.jpg,107494,
train,Training/meningioma/Tr-me_642.jpg,108945,
train,Training/meningioma/Tr-me_644.jpg,104695,
train,Training/meningioma/Tr-me_646.jpg,103925,
train,Training/meningioma/Tr-me_647.jpg,98241,
train,Training/meningioma/Tr-me_653.jpg,106592,
train,Training/meningioma/Tr-me_656.jpg,97737,
train,Training/meningioma/Tr-me_657.jpg,105937,
train,Training/meningioma/Tr-me_658.jpg,103673,
train,Training/meningioma/Tr-me_659.jpg,102929,
train,Training/meningioma/Tr-me_660.jpg,104281,
train,Training/meningioma/Tr-me_662.jpg,97607,
train,Training/meningioma/Tr-me_664.jpg,97793,
train,Training/meningioma/Tr-me_665.jpg,106284,
train,Training/meningioma/Tr-me_668.jpg,108590,
train,Training/meningioma/Tr-me_669.jpg,101016,
train,Training/meningioma/Tr-me_670.jpg,102818,
train,Training/meningioma/Tr-me_671.jpg,113614,
train,Training/meningioma/Tr-me_672.jpg,105374,
train,Training/meningioma/Tr-me_673.jpg,106665,
train,Training/meningioma/Tr-me_674.jpg,107248,
train,Training/meningioma/Tr-me_676.jpg,114417,
train,Training/meningioma/Tr-me_677.jpg,101082,
train,Training/meningioma/Tr-me_681.jpg,111366,
train,Training/meningioma/Tr-me_682.jpg,107494,
train,Training/meningioma/Tr-me_685.jpg,101797,
train,Training/meningioma/Tr-me_687.jpg,99288,
train,Training/meningioma/Tr-me_689.jpg,102714,
train,Training/meningioma/Tr-me_690.jpg,106720,
train,Training/meningioma/Tr-me_691.jpg,108945,
train,Training/meningioma/Tr-me_693.jpg,112552,
train,Training/meningioma/Tr-me_695.jpg,106720,
train,Training/meningioma/Tr-me_697.jpg,107248,
train,Training/meningioma/Tr-me_698.jpg,108945,
train,Training/meningioma/Tr-me_699.jpg,111077,
train,Training/meningioma/Tr-me_7.jpg,112552,
train,Training/meningioma/Tr-me_700.jpg,103673,
train,Training/meningioma/Tr-me_701.jpg,114417,
train,Training/meningioma/Tr-me_702.jpg,108514,
train,Training/meningioma/Tr-me_708.jpg,104167,
train,Training/meningioma/Tr-me_709.jpg,109968,
train,Training/meningioma/Tr-me_71.jpg,105937,
train,Training/meningioma/Tr-me_720.jpg,99017,
train,Training/meningioma/Tr-me_721.jpg,103673,
train,Training/meningioma/Tr-me_723.jpg,97374,
train,Training/meningioma/Tr-me_725.jpg,100360,
train,Training/meningioma/Tr-me_728.jpg,112552,
train,Training/meningioma/Tr-me_729.jpg,104281,
train,Training/meningioma/Tr-me_732.jpg,107946,
train,Training/meningioma/Tr-me_733.jpg,113554,
train,Training/meningioma/Tr-me_735.jpg,102714,
train,Training/meningioma/Tr-me_736.jpg,99308,
train,Training/meningioma/Tr-me_739.jpg,108550,
train,Training/meningioma/Tr-me_74.jpg,109968,
train,Training/meningioma/Tr-me_741.jpg,104167,
train,Training/meningioma/Tr-me_746.jpg,108514,
train,Training/meningioma/Tr-me_747.jpg,107190,
train,Training/meningioma/Tr-me_748.jpg,110116,
train,Training/meningioma/Tr-me_749.jpg,112648,
train,Training/meningioma/Tr-me_75.jpg,102714,
train,Training/meningioma/Tr-me_751.jpg,101797,
train,Training/meningioma/Tr-me_756.jpg,106665,
train,Training/meningioma/Tr-me_757.jpg,114018,
train,Training/meningioma/Tr-me_759.jpg,103673,
train,Training/meningioma/Tr-me_76.jpg,111077,
train,Training/meningioma/Tr-me_762.jpg,111532,
train,Training/meningioma/Tr-me_764.jpg,113098,
train,Training/meningioma/Tr-me_766.jpg,108550,
train,Training/meningioma/Tr-me_768.jpg,108945,
train,Training/meningioma/Tr-me_775.jpg,103925,
train,Training/meningioma/Tr-me_777.jpg,106284,
train,Training/meningioma/Tr-me_778.jpg,99308,
train,Training/meningioma/Tr-me_779.jpg,114359,
train,Training/meningioma/Tr-me_780.jpg,104167,
train,Training/meningioma/Tr-me_787.jpg,106914,
train,Training/meningioma/Tr-me_788.jpg,114018,
train,Training/meningioma/Tr-me_79.jpg,99308,
train,Training/meningioma/Tr-me_790.jpg,114018,
train,Training/meningioma/Tr-me_791.jpg,106442,
train,Training/meningioma/Tr-me_797.jpg,108550,
train,Training/meningioma/Tr-me_798.jpg,108514,
train,Training/meningioma/Tr-me_80.jpg,109350,
train,Training/meningioma/Tr-me_800.jpg,99089,
train,Training/meningioma/Tr-me_801.jpg,111532,
train,Training/meningioma/Tr-me_803.jpg,102929,
train,Training/meningioma/Tr-me_804.jpg,100360,
train,Training/meningioma/Tr-me_809.jpg,106914,
train,Training/meningioma/Tr-me_810.jpg,101797,
train,Training/meningioma/Tr-me_812.jpg,106442,
train,Training/meningioma/Tr-me_814.jpg,101016,
train,Training/meningioma/Tr-me_816.jpg,114018,
train,Training/meningioma/Tr-me_817.jpg,97943,
train,Training/meningioma/Tr-me_818.jpg,102929,
train,Training/meningioma/Tr-me_819.jpg,102420,
train,Training/meningioma/Tr-me_82.jpg,101127,
train,Training/meningioma/Tr-me_820.jpg,114018,
train,Training/meningioma/Tr-me_822.jpg,106665,
train,Training/meningioma/Tr-me_823.jpg,108590,
train,Training/meningioma/Tr-me_825.jpg,103925,
train,Training/meningioma/Tr-me_826.jpg,97737,
train,Training/meningioma/Tr-me_832.jpg,104167,
train,Training/meningioma/Tr-me_833.jpg,99017,
train,Training/meningioma/Tr-me_834.jpg,104281,
train,Training/meningioma/Tr-me_836.jpg,100360,
train,Training/meningioma/Tr-me_839.jpg,99815,
train,Training/meningioma/Tr-me_84.jpg,102985,
train,Training/meningioma/Tr-me_840.jpg,112552,
train,Training/meningioma/Tr-me_848.jpg,109968,
train,Training/meningioma/Tr-me_849.jpg,88510,
train,Training/meningioma/Tr-me_850.jpg,102929,
train,Training/meningioma/Tr-me_851.jpg,106284,
train,Training/meningioma/Tr-me_853.jpg,100360,
train,Training/meningioma/Tr-me_854.jpg,104167,
train,Training/meningioma/Tr-me_857.jpg,106914,
train,Training/meningioma/Tr-me_861.jpg,106284,
train,Training/meningioma/Tr-me_866.jpg,113554,
train,Training/meningioma/Tr-me_869.jpg,100572,
train,Training/meningioma/Tr-me_870.jpg,103925,
train,Training/meningioma/Tr-me_871.jpg,100572,
train,Training/meningioma/Tr-me_872.jpg,112002,
train,Training/meningioma/Tr-me_873.jpg,113805,
train,Training/meningioma/Tr-me_874.jpg,103673,
train,Training/meningioma/Tr-me_875.jpg,111532,
train,Training/meningioma/Tr-me_88.jpg,106720,
train,Training/meningioma/Tr-me_882.jpg,106665,
train,Training/meningioma/Tr-me_884.jpg,99815,
train,Training/meningioma/Tr-me_886.jpg,103673,
train,Training/meningioma/Tr-me_888.jpg,112552,
train,Training/meningioma/Tr-me_890.jpg,108590,
train,Training/meningioma/Tr-me_893.jpg,101127,
train,Training/meningioma/Tr-me_894.jpg,106665,
train,Training/meningioma/Tr-me_895.jpg,99017,
train,Training/meningioma/Tr-me_896.jpg,107248,
train,Training/meningioma/Tr-me_898.jpg,114359,
train,Training/meningioma/Tr-me_899.jpg,101797,
train,Training/meningioma/Tr-me_9.jpg,105374,
train,Training/meningioma/Tr-me_900.jpg,112062,
train,Training/meningioma/Tr-me_901.jpg,100360,
train,Training/meningioma/Tr-me_904.jpg,111077,
train,Training/meningioma/Tr-me_906.jpg,108514,
train,Training/meningioma/Tr-me_91.jpg,103925,
train,Training/meningioma/Tr-me_910.jpg,108514,
train,Training/meningioma/Tr-me_911.jpg,100360,
train,Training/meningioma/Tr-me_912.jpg,103673,
train,Training/meningioma/Tr-me_913.jpg,97737,
train,Training/meningioma/Tr-me_916.jpg,111366,
train,Training/meningioma/Tr-me_92.jpg,97607,
train,Training/meningioma/Tr-me_923.jpg,97737,
train,Training/meningioma/Tr-me_926.jpg,103673,
train,Training/meningioma/Tr-me_927.jpg,99308,
train,Training/meningioma/Tr-me_928.jpg,113435,
train,Training/meningioma/Tr-me_930.jpg,102714,
train,Training/meningioma/Tr-me_931.jpg,113554,
train,Training/meningioma/Tr-me_932.jpg,102714,
train,Training/meningioma/Tr-me_933.jpg,113098,
train,Training/meningioma/Tr-me_937.jpg,111532,
train,Training/meningioma/Tr-me_938.jpg,107494,
train,Training/meningioma/Tr-me_939.jpg,112552,
train,Training/meningioma/Tr-me_94.jpg,105374,
train,Training/meningioma/Tr-me_943.jpg,97374,
train,Training/meningioma/Tr-me_947.jpg,100360,
train,Training/meningioma/Tr-me_949.jpg,105937,
train,Training/meningioma/Tr-me_95.jpg,102675,
train,Training/meningioma/Tr-me_951.jpg,111532,
train,Training/meningioma/Tr-me_952.jpg,103673,
train,Training/meningioma/Tr-me_956.jpg,98241,
train,Training/meningioma/Tr-me_958.jpg,101016,
train,Training/meningioma/Tr-me_959.jpg,101797,
train,Training/meningioma/Tr-me_96.jpg,107494,
train,Training/meningioma/Tr-me_961.jpg,114359,
train,Training/meningioma/Tr-me_963.jpg,103925,
train,Training/meningioma/Tr-me_966.jpg,99308,
train,Training/meningioma/Tr-me_969.jpg,97943,
train,Training/meningioma/Tr-me_972.jpg,113435,
train,Training/meningioma/Tr-me_975.jpg,106720,
train,Training/meningioma/Tr-me_978.jpg,100360,
train,Training/meningioma/Tr-me_98.jpg,108945,
train,Training/meningioma/Tr-me_982.jpg,111366,
train,Training/meningioma/Tr-me_984.jpg,103673,
train,Training/meningioma/Tr-me_986.jpg,99089,
train,Training/meningioma/Tr-me_988.jpg,107494,
train,Training/meningioma/Tr-me_989.jpg,103925,
train,Training/meningioma/Tr-me_990.jpg,112648,
train,Training/meningioma/Tr-me_993.jpg,103925,
train,Training/meningioma/Tr-me_994.jpg,104167,
train,Training/meningioma/Tr-me_995.jpg,106284,
train,Training/meningioma/Tr-me_996.jpg,100572,
train,Training/meningioma/Tr-me_998.jpg,114359,
train,Training/meningioma/Tr-me_999.jpg,97607,
train,Training/pituitary/Tr-pi_1.jpg,110537,
train,Training/pituitary/Tr-pi_10.jpg,105638,
train,Training/pituitary/Tr-pi_100.jpg,103837,
train,Training/pituitary/Tr-pi_1001.jpg,106062,
train,Training/pituitary/Tr-pi_1002.jpg,109471,
train,Training/pituitary/Tr-pi_1005.jpg,101017,
train,Training/pituitary/Tr-pi_1006.jpg,103731,
train,Training/pituitary/Tr-pi_1010.jpg,97461,
train,Training/pituitary/Tr-pi_1016.jpg,97599,
train,Training/pituitary/Tr-pi_1017.jpg,111785,
train,Training/pituitary/Tr-pi_1018.jpg,104684,
train,Training/pituitary/Tr-pi_102.jpg,110993,
train,Training/pituitary/Tr-pi_1023.jpg,102985,
train,Training/pituitary/Tr-pi_1024.jpg,114094,
train,Training/pituitary/Tr-pi_1027.jpg,103478,
train,Training/pituitary/Tr-pi_103.jpg,104684,
train,Training/pituitary/Tr-pi_1033.jpg,98992,
train,Training/pituitary/Tr-pi_1038.jpg,98992,
train,Training/pituitary/Tr-pi_1039.jpg,107429,
train,Training/pituitary/Tr-pi_1041.jpg,101305,
train,Training/pituitary/Tr-pi_1045.jpg,103046,
train,Training/pituitary/Tr-pi_1046.jpg,112649,
train,Training/pituitary/Tr-pi_1047.jpg,105538,
train,Training/pituitary/Tr-pi_105.jpg,98995,
train,Training/pituitary/Tr-pi_1054.jpg,109898,
train,Training/pituitary/Tr-pi_1055.jpg,103582,
train,Training/pituitary/Tr-pi_1056.jpg,110993,
train,Training/pituitary/Tr-pi_106.jpg,104912,
train,Training/pituitary/Tr-pi_1061.jpg,101724,
train,Training/pituitary/Tr-pi_1062.jpg,102648,
train,Training/pituitary/Tr-pi_1064.jpg,101017,
train,Training/pituitary/Tr-pi_1067.jpg,110518,
train,Training/pituitary/Tr-pi_1069.jpg,98995,
train,Training/pituitary/Tr-pi_107.jpg,106062,
train,Training/pituitary/Tr-pi_1071.jpg,102985,
train,Training/pituitary/Tr-pi_1072.jpg,103837,
train,Training/pituitary/Tr-pi_1073.jpg,97890,
train,Training/pituitary/Tr-pi_1074.jpg,98874,
train,Training/pituitary/Tr-pi_1077.jpg,104558,
train,Training/pituitary/Tr-pi_1079.jpg,101029,
train,Training/pituitary/Tr-pi_108.jpg,111125,
train,Training/pituitary/Tr-pi_1080.jpg,112746,
train,Training/pituitary/Tr-pi_1082.jpg,103837,
train,Training/pituitary/Tr-pi_1083.jpg,108931,
train,Training/pituitary/Tr-pi_1085.jpg,103478,
train,Training/pituitary/Tr-pi_1086.jpg,101017,
train,Training/pituitary/Tr-pi_1087.jpg,98472,
train,Training/pituitary/Tr-pi_1088.jpg,107505,
train,Training/pituitary/Tr-pi_1089.jpg,103478,
train,Training/pituitary/Tr-pi_109.jpg,103731,
train,Training/pituitary/Tr-pi_1090.jpg,107429,
train,Training/pituitary/Tr-pi_1091.jpg,103046,
train,Training/pituitary/Tr-pi_1093.jpg,97416,
train,Training/pituitary/Tr-pi_1094.jpg,103670,
train,Training/pituitary/Tr-pi_1095.jpg,109769,
train,Training/pituitary/Tr-pi_1097.jpg,107505,
train,Training/pituitary/Tr-pi_1098.jpg,101127,
train,Training/pituitary/Tr-pi_1099.jpg,111075,
train,Training/pituitary/Tr-pi_11.jpg,103837,
train,Training/pituitary/Tr-pi_110.jpg,110993,
train,Training/pituitary/Tr-pi_1100.jpg,107743,
train,Training/pituitary/Tr-pi_1102.jpg,102648,
train,Training/pituitary/Tr-pi_1104.jpg,98995,
train,Training/pituitary/Tr-pi_1107.jpg,98472,
train,Training/pituitary/Tr-pi_1109.jpg,97481,
train,Training/pituitary/Tr-pi_1113.jpg,113274,
train,Training/pituitary/Tr-pi_1114.jpg,103582,
train,Training/pituitary/Tr-pi_1117.jpg,104019,
train,Training/pituitary/Tr-pi_1118.jpg,103670,
train,Training/pituitary/Tr-pi_1119.jpg,101145,
train,Training/pituitary/Tr-pi_1120.jpg,101029,
train,Training/pituitary/Tr-pi_1121.jpg,98472,
train,Training/pituitary/Tr-pi_1126.jpg,102648,
train,Training/pituitary/Tr-pi_1128.jpg,111785,
train,Training/pituitary/Tr-pi_113.jpg,98995,
train,Training/pituitary/Tr-pi_1132.jpg,103257,
train,Training/pituitary/Tr-pi_1133.jpg,101127,
train,Training/pituitary/Tr-pi_1134.jpg,112847,
train,Training/pituitary/Tr-pi_1136.jpg,104558,
train,Training/pituitary/Tr-pi_1138.jpg,98871,
train,Training/pituitary/Tr-pi_1139.jpg,101029,
train,Training/pituitary/Tr-pi_1140.jpg,114361,
train,Training/pituitary/Tr-pi_1144.jpg,99223,
train,Training/pituitary/Tr-pi_1146.jpg,106062,
train,Training/pituitary/Tr-pi_1147.jpg,112074,
train,Training/pituitary/Tr-pi_1148.jpg,98992,
train,Training/pituitary/Tr-pi_1149.jpg,101029,
train,Training/pituitary/Tr-pi_1150.jpg,103046,
train,Training/pituitary/Tr-pi_1151.jpg,105638,
train,Training/pituitary/Tr-pi_1152.jpg,113274,
train,Training/pituitary/Tr-pi_1155.jpg,101127,
train,Training/pituitary/Tr-pi_1156.jpg,103731,
train,Training/pituitary/Tr-pi_1158.jpg,104558,
train,Training/pituitary/Tr-pi_1159.jpg,104912,
train,Training/pituitary/Tr-pi_116.jpg,111075,
train,Training/pituitary/Tr-pi_1160.jpg,103478,
train,Training/pituitary/Tr-pi_1162.jpg,109769,
train,Training/pituitary/Tr-pi_1167.jpg,110518,
train,Training/pituitary/Tr-pi_1168.jpg,114094,
train,Training/pituitary/Tr-pi_1171.jpg,107505,
train,Training/pituitary/Tr-pi_1173.jpg,98652,
train,Training/pituitary/Tr-pi_1174.jpg,98871,
train,Training/pituitary/Tr-pi_118.jpg,109471,
train,Training/pituitary/Tr-pi_1182.jpg,98995,
train,Training/pituitary/Tr-pi_1185.jpg,101305,
train,Training/pituitary/Tr-pi_1186.jpg,101145,
train,Training/pituitary/Tr-pi_1188.jpg,104558,
train,Training/pituitary/Tr-pi_1189.jpg,98992,
train,Training/pituitary/Tr-pi_119.jpg,101305,
train,Training/pituitary/Tr-pi_1190.jpg,104684,
train,Training/pituitary/Tr-pi_1193.jpg,107743,
train,Training/pituitary/Tr-pi_1197.jpg,103731,
train,Training/pituitary/Tr-pi_1199.jpg,105187,
train,Training/pituitary/Tr-pi_1202.jpg,106062,
train,Training/pituitary/Tr-pi_1203.jpg,106062,
train,Training/pituitary/Tr-pi_1204.jpg,103671,
train,Training/pituitary/Tr-pi_1207.jpg,102985,
train,Training/pituitary/Tr-pi_1208.jpg,104558,
train,Training/pituitary/Tr-pi_121.jpg,98992,
train,Training/pituitary/Tr-pi_1212.jpg,107505,
train,Training/pituitary/Tr-pi_1214.jpg,112074,
train,Training/pituitary/Tr-pi_1215.jpg,104912,
train,Training/pituitary/Tr-pi_1217.jpg,109471,
train,Training/pituitary/Tr-pi_1218.jpg,114040,
train,Training/pituitary/Tr-pi_1221.jpg,111075,
train,Training/pituitary/Tr-pi_1222.jpg,107495,
train,Training/pituitary/Tr-pi_1223.jpg,105187,
train,Training/pituitary/Tr-pi_1224.jpg,98995,
train,Training/pituitary/Tr-pi_1227.jpg,107429,
train,Training/pituitary/Tr-pi_1228.jpg,98992,
train,Training/pituitary/Tr-pi_1230.jpg,103670,
train,Training/pituitary/Tr-pi_1231.jpg,97481,
train,Training/pituitary/Tr-pi_1233.jpg,112074,
train,Training/pituitary/Tr-pi_1237.jpg,103582,
train,Training/pituitary/Tr-pi_124.jpg,112074,
train,Training/pituitary/Tr-pi_1240.jpg,103731,
train,Training/pituitary/Tr-pi_1241.jpg,103478,
train,Training/pituitary/Tr-pi_1242.jpg,105475,
train,Training/pituitary/Tr-pi_1244.jpg,113274,
train,Training/pituitary/Tr-pi_1245.jpg,104558,
train,Training/pituitary/Tr-pi_1246.jpg,103731,
train,Training/pituitary/Tr-pi_1247.jpg,107429,
train,Training/pituitary/Tr-pi_1248.jpg,101724,
train,Training/pituitary/Tr-pi_1249.jpg,111075,
train,Training/pituitary/Tr-pi_125.jpg,98472,
train,Training/pituitary/Tr-pi_1250.jpg,105475,
train,Training/pituitary/Tr-pi_1251.jpg,108858,
train,Training/pituitary/Tr-pi_1253.jpg,98874,
train,Training/pituitary/Tr-pi_1254.jpg,101145,
train,Training/pituitary/Tr-pi_1256.jpg,110993,
train,Training/pituitary/Tr-pi_1258.jpg,101029,
train,Training/pituitary/Tr-pi_1259.jpg,97461,
train,Training/pituitary/Tr-pi_1260.jpg,103837,
train,Training/pituitary/Tr-pi_1262.jpg,105475,
train,Training/pituitary/Tr-pi_1263.jpg,112746,
train,Training/pituitary/Tr-pi_1264.jpg,99223,
train,Training/pituitary/Tr-pi_1268.jpg,103731,
train,Training/pituitary/Tr-pi_127.jpg,114361,
train,Training/pituitary/Tr-pi_1271.jpg,114040,
train,Training/pituitary/Tr-pi_1272.jpg,112847,
train,Training/pituitary/Tr-pi_1275.jpg,99223,
train,Training/pituitary/Tr-pi_1276.jpg,105187,
train,Training/pituitary/Tr-pi_1280.jpg,103671,
train,Training/pituitary/Tr-pi_1281.jpg,105187,
train,Training/pituitary/Tr-pi_1282.jpg,114361,
train,Training/pituitary/Tr-pi_1283.jpg,111125,
train,Training/pituitary/Tr-pi_1285.jpg,112649,
train,Training/pituitary/Tr-pi_1287.jpg,101305,
train,Training/pituitary/Tr-pi_129.jpg,112847,
train,Training/pituitary/Tr-pi_1291.jpg,111075,
train,Training/pituitary/Tr-pi_1292.jpg,108858,
train,Training/pituitary/Tr-pi_1294.jpg,110537,
train,Training/pituitary/Tr-pi_1295.jpg,107505,
train,Training/pituitary/Tr-pi_1298.jpg,112847,
train,Training/pituitary/Tr-pi_13.jpg,102648,
train,Training/pituitary/Tr-pi_1300.jpg,103731,
train,Training/pituitary/Tr-pi_1301.jpg,104684,
train,Training/pituitary/Tr-pi_1302.jpg,114094,
train,Training/pituitary/Tr-pi_1303.jpg,101305,
train,Training/pituitary/Tr-pi_1304.jpg,105475,
train,Training/pituitary/Tr-pi_1305.jpg,112074,
train,Training/pituitary/Tr-pi_1309.jpg,101127,
train,Training/pituitary/Tr-pi_131.jpg,109769,
train,Training/pituitary/Tr-pi_1312.jpg,109769,
train,Training/pituitary/Tr-pi_1316.jpg,97481,
train,Training/pituitary/Tr-pi_132.jpg,103582,
train,Training/pituitary/Tr-pi_1320.jpg,101127,
train,Training/pituitary/Tr-pi_1321.jpg,103478,
train,Training/pituitary/Tr-pi_1322.jpg,99223,
train,Training/pituitary/Tr-pi_1323.jpg,97481,
train,Training/pituitary/Tr-pi_1324.jpg,98992,
train,Training/pituitary/Tr-pi_1325.jpg,98992,
train,Training/pituitary/Tr-pi_1326.jpg,98874,
train,Training/pituitary/Tr-pi_1327.jpg,109769,
train,Training/pituitary/Tr-pi_1329.jpg,98874,
train,Training/pituitary/Tr-pi_133.jpg,107429,
train,Training/pituitary/Tr-pi_1331.jpg,112074,
train,Training/pituitary/Tr-pi_1332.jpg,103670,
train,Training/pituitary/Tr-pi_1334.jpg,111125,
train,Training/pituitary/Tr-pi_1335.jpg,107505,
train,Training/pituitary/Tr-pi_1337.jpg,99223,
train,Training/pituitary/Tr-pi_1338.jpg,106062,
train,Training/pituitary/Tr-pi_1340.jpg,105187,
train,Training/pituitary/Tr-pi_1342.jpg,112649,
train,Training/pituitary/Tr-pi_1343.jpg,103478,
train,Training/pituitary/Tr-pi_1344.jpg,104684,
train,Training/pituitary/Tr-pi_1345.jpg,105638,
train,Training/pituitary/Tr-pi_1346.jpg,98995,
train,Training/pituitary/Tr-pi_1348.jpg,103670,
train,Training/pituitary/Tr-pi_1349.jpg,107429,
train,Training/pituitary/Tr-pi_135.jpg,98992,
train,Training/pituitary/Tr-pi_1355.jpg,110537,
train,Training/pituitary/Tr-pi_1356.jpg,108858,
train,Training/pituitary/Tr-pi_1358.jpg,107495,
train,Training/pituitary/Tr-pi_1359.jpg,104684,
train,Training/pituitary/Tr-pi_136.jpg,97461,
train,Training/pituitary/Tr-pi_1360.jpg,101017,
train,Training/pituitary/Tr-pi_1361.jpg,103478,
train,Training/pituitary/Tr-pi_1362.jpg,103731,
train,Training/pituitary/Tr-pi_1363.jpg,114094,
train,Training/pituitary/Tr-pi_1365.jpg,97416,
train,Training/pituitary/Tr-pi_1366.jpg,106062,
train,Training/pituitary/Tr-pi_1367.jpg,101017,
train,Training/pituitary/Tr-pi_1368.jpg,104558,
train,Training/pituitary/Tr-pi_1369.jpg,104019,
train,Training/pituitary/Tr-pi_137.jpg,104912,
train,Training/pituitary/Tr-pi_1370.jpg,98652,
train,Training/pituitary/Tr-pi_1372.jpg,112649,
train,Training/pituitary/Tr-pi_1375.jpg,112074,
train,Training/pituitary/Tr-pi_1377.jpg,107743,
train,Training/pituitary/Tr-pi_1380.jpg,101127,
train,Training/pituitary/Tr-pi_1381.jpg,103046,
train,Training/pituitary/Tr-pi_1382.jpg,107505,
train,Training/pituitary/Tr-pi_1384.jpg,97461,
train,Training/pituitary/Tr-pi_1385.jpg,109471,
train,Training/pituitary/Tr-pi_1387.jpg,111785,
train,Training/pituitary/Tr-pi_1388.jpg,109471,
train,Training/pituitary/Tr-pi_1391.jpg,103257,
train,Training/pituitary/Tr-pi_1392.jpg,103582,
train,Training/pituitary/Tr-pi_1394.jpg,105475,
train,Training/pituitary/Tr-pi_1396.jpg,106062,
train,Training/pituitary/Tr-pi_14.jpg,112649,
train,Training/pituitary/Tr-pi_140.jpg,98992,
train,Training/pituitary/Tr-pi_1400.jpg,104912,
train,Training/pituitary/Tr-pi_142.jpg,102648,
train,Training/pituitary/Tr-pi_147.jpg,111125,
train,Training/pituitary/Tr-pi_15.jpg,98874,
train,Training/pituitary/Tr-pi_154.jpg,109471,
train,Training/pituitary/Tr-pi_155.jpg,103837,
train,Training/pituitary/Tr-pi_157.jpg,104684,
train,Training/pituitary/Tr-pi_159.jpg,112074,
train,Training/pituitary/Tr-pi_16.jpg,97890,
train,Training/pituitary/Tr-pi_161.jpg,114361,
train,Training/pituitary/Tr-pi_162.jpg,101724,
train,Training/pituitary/Tr-pi_163.jpg,101145,
train,Training/pituitary/Tr-pi_164.jpg,103582,
train,Training/pituitary/Tr-pi_167.jpg,114094,
train,Training/pituitary/Tr-pi_168.jpg,97416,
train,Training/pituitary/Tr-pi_172.jpg,103671,
train,Training/pituitary/Tr-pi_173.jpg,104019,
train,Training/pituitary/Tr-pi_174.jpg,107505,
train,Training/pituitary/Tr-pi_176.jpg,104684,
train,Training/pituitary/Tr-pi_178.jpg,101017,
train,Training/pituitary/Tr-pi_184.jpg,110537,
train,Training/pituitary/Tr-pi_185.jpg,97481,
train,Training/pituitary/Tr-pi_186.jpg,99223,
train,Training/pituitary/Tr-pi_187.jpg,111785,
train,Training/pituitary/Tr-pi_19.jpg,103257,
train,Training/pituitary/Tr-pi_190.jpg,103478,
train,Training/pituitary/Tr-pi_191.jpg,102648,
train,Training/pituitary/Tr-pi_193.jpg,103837,
train,Training/pituitary/Tr-pi_196.jpg,112746,
train,Training/pituitary/Tr-pi_199.jpg,109471,
train,Training/pituitary/Tr-pi_200.jpg,110518,
train,Training/pituitary/Tr-pi_201.jpg,113741,
train,Training/pituitary/Tr-pi_203.jpg,98472,
train,Training/pituitary/Tr-pi_205.jpg,98652,
train,Training/pituitary/Tr-pi_209.jpg,109471,
train,Training/pituitary/Tr-pi_21.jpg,103582,
train,Training/pituitary/Tr-pi_210.jpg,107495,
train,Training/pituitary/Tr-pi_212.jpg,104558,
train,Training/pituitary/Tr-pi_215.jpg,98992,
train,Training/pituitary/Tr-pi_216.jpg,104684,
train,Training/pituitary/Tr-pi_219.jpg,105538,
train,Training/pituitary/Tr-pi_22.jpg,103837,
train,Training/pituitary/Tr-pi_220.jpg,97599,
train,Training/pituitary/Tr-pi_221.jpg,112847,
train,Training/pituitary/Tr-pi_222.jpg,107429,
train,Training/pituitary/Tr-pi_223.jpg,112847,
train,Training/pituitary/Tr-pi_224.jpg,114040,
train,Training/pituitary/Tr-pi_225.jpg,110537,
train,Training/pituitary/Tr-pi_226.jpg,109471,
train,Training/pituitary/Tr-pi_228.jpg,107495,
train,Training/pituitary/Tr-pi_229.jpg,98992,
train,Training/pituitary/Tr-pi_231.jpg,101017,
train,Training/pituitary/Tr-pi_232.jpg,107429,
train,Training/pituitary/Tr-pi_233.jpg,112847,
train,Training/pituitary/Tr-pi_235.jpg,112649,
train,Training/pituitary/Tr-pi_236.jpg,97461,
train,Training/pituitary/Tr-pi_237.jpg,112649,
train,Training/pituitary/Tr-pi_24.jpg,113274,
train,Training/pituitary/Tr-pi_240.jpg,109898,
train,Training/pituitary/Tr-pi_241.jpg,98874,
train,Training/pituitary/Tr-pi_242.jpg,98871,
train,Training/pituitary/Tr-pi_243.jpg,97416,
train,Training/pituitary/Tr-pi_244.jpg,105187,
train,Training/pituitary/Tr-pi_245.jpg,102648,
train,Training/pituitary/Tr-pi_247.jpg,108931,
train,Training/pituitary/Tr-pi_248.jpg,103671,
train,Training/pituitary/Tr-pi_25.jpg,97890,
train,Training/pituitary/Tr-pi_252.jpg,104912,
train,Training/pituitary/Tr-pi_254.jpg,104684,
train,Training/pituitary/Tr-pi_257.jpg,101029,
train,Training/pituitary/Tr-pi_259.jpg,98871,
train,Training/pituitary/Tr-pi_26.jpg,98992,
train,Training/pituitary/Tr-pi_260.jpg,103046,
train,Training/pituitary/Tr-pi_261.jpg,101127,
train,Training/pituitary/Tr-pi_263.jpg,103671,
train,Training/pituitary/Tr-pi_264.jpg,107743,
train,Training/pituitary/Tr-pi_265.jpg,112074,
train,Training/pituitary/Tr-pi_267.jpg,101724,
train,Training/pituitary/Tr-pi_268.jpg,114094,
train,Training/pituitary/Tr-pi_269.jpg,107743,
train,Training/pituitary/Tr-pi_272.jpg,106062,
train,Training/pituitary/Tr-pi_274.jpg,114040,
train,Training/pituitary/Tr-pi_275.jpg,104684,
train,Training/pituitary/Tr-pi_276.jpg,103582,
train,Training/pituitary/Tr-pi_277.jpg,98652,
train,Training/pituitary/Tr-pi_278.jpg,97416,
train,Training/pituitary/Tr-pi_279.jpg,111785,
train,Training/pituitary/Tr-pi_28.jpg,107429,
train,Training/pituitary/Tr-pi_285.jpg,97890,
train,Training/pituitary/Tr-pi_287.jpg,97890,
train,Training/pituitary/Tr-pi_288.jpg,106062,
train,Training/pituitary/Tr-pi_29.jpg,105936,
train,Training/pituitary/Tr-pi_291.jpg,101017,
train,Training/pituitary/Tr-pi_292.jpg,111785,
train,Training/pituitary/Tr-pi_294.jpg,109769,
train,Training/pituitary/Tr-pi_295.jpg,98472,
train,Training/pituitary/Tr-pi_298.jpg,99223,
train,Training/pituitary/Tr-pi_299.jpg,101145,
train,Training/pituitary/Tr-pi_30.jpg,112746,
train,Training/pituitary/Tr-pi_301.jpg,111075,
train,Training/pituitary/Tr-pi_302.jpg,113741,
train,Training/pituitary/Tr-pi_303.jpg,108858,
train,Training/pituitary/Tr-pi_304.jpg,105475,
train,Training/pituitary/Tr-pi_305.jpg,114040,
train,Training/pituitary/Tr-pi_307.jpg,102669,
train,Training/pituitary/Tr-pi_308.jpg,105638,
train,Training/pituitary/Tr-pi_31.jpg,102648,
train,Training/pituitary/Tr-pi_311.jpg,107495,
train,Training/pituitary/Tr-pi_313.jpg,105538,
train,Training/pituitary/Tr-pi_314.jpg,103731,
train,Training/pituitary/Tr-pi_315.jpg,97416,
train,Training/pituitary/Tr-pi_316.jpg,103257,
train,Training/pituitary/Tr-pi_318.jpg,104684,
train,Training/pituitary/Tr-pi_320.jpg,107495,
train,Training/pituitary/Tr-pi_321.jpg,113741,
train,Training/pituitary/Tr-pi_322.jpg,97599,
train,Training/pituitary/Tr-pi_323.jpg,103257,
train,Training/pituitary/Tr-pi_325.jpg,108931,
train,Training/pituitary/Tr-pi_326.jpg,97890,
train,Training/pituitary/Tr-pi_33.jpg,109898,
train,Training/pituitary/Tr-pi_330.jpg,101145,
train,Training/pituitary/Tr-pi_331.jpg,103671,
train,Training/pituitary/Tr-pi_333.jpg,104912,
train,Training/pituitary/Tr-pi_334.jpg,98874,
train,Training/pituitary/Tr-pi_336.jpg,98472,
train,Training/pituitary/Tr-pi_34.jpg,111125,
train,Training/pituitary/Tr-pi_340.jpg,108858,
train,Training/pituitary/Tr-pi_341.jpg,108931,
train,Training/pituitary/Tr-pi_343.jpg,110537,
train,Training/pituitary/Tr-pi_346.jpg,112649,
train,Training/pituitary/Tr-pi_347.jpg,108858,
train,Training/pituitary/Tr-pi_348.jpg,103731,
train,Training/pituitary/Tr-pi_35.jpg,104684,
train,Training/pituitary/Tr-pi_351.jpg,103257,
train,Training/pituitary/Tr-pi_352.jpg,98472,
train,Training/pituitary/Tr-pi_357.jpg,110537,
train,Training/pituitary/Tr-pi_36.jpg,112074,
train,Training/pituitary/Tr-pi_360.jpg,104019,
train,Training/pituitary/Tr-pi_364.jpg,98652,
train,Training/pituitary/Tr-pi_365.jpg,97416,
train,Training/pituitary/Tr-pi_367.jpg,101724,
train,Training/pituitary/Tr-pi_368.jpg,107495,
train,Training/pituitary/Tr-pi_37.jpg,104912,
train,Training/pituitary/Tr-pi_370.jpg,98992,
train,Training/pituitary/Tr-pi_372.jpg,110993,
train,Training/pituitary/Tr-pi_374.jpg,110993,
train,Training/pituitary/Tr-pi_377.jpg,107743,
train,Training/pituitary/Tr-pi_378.jpg,104912,
train,Training/pituitary/Tr-pi_379.jpg,104912,
train,Training/pituitary/Tr-pi_38.jpg,97416,
train,Training/pituitary/Tr-pi_380.jpg,98992,
train,Training/pituitary/Tr-pi_381.jpg,112649,
train,Training/pituitary/Tr-pi_383.jpg,98472,
train,Training/pituitary/Tr-pi_386.jpg,103257,
train,Training/pituitary/Tr-pi_388.jpg,114094,
train,Training/pituitary/Tr-pi_389.jpg,110537,
train,Training/pituitary/Tr-pi_391.jpg,102648,
train,Training/pituitary/Tr-pi_392.jpg,111075,
train,Training/pituitary/Tr-pi_393.jpg,103046,
train,Training/pituitary/Tr-pi_394.jpg,108858,
train,Training/pituitary/Tr-pi_395.jpg,99223,
train,Training/pituitary/Tr-pi_398.jpg,103257,
train,Training/pituitary/Tr-pi_403.jpg,103582,
train,Training/pituitary/Tr-pi_407.jpg,103257,
train,Training/pituitary/Tr-pi_408.jpg,102648,
train,Training/pituitary/Tr-pi_409.jpg,111125,
train,Training/pituitary/Tr-pi_410.jpg,98995,
train,Training/pituitary/Tr-pi_412.jpg,103731,
train,Training/pituitary/Tr-pi_413.jpg,113741,
train,Training/pituitary/Tr-pi_414.jpg,109898,
train,Training/pituitary/Tr-pi_415.jpg,108931,
train,Training/pituitary/Tr-pi_416.jpg,111125,
train,Training/pituitary/Tr-pi_42.jpg,107429,
train,Training/pituitary/Tr-pi_425.jpg,105187,
train,Training/pituitary/Tr-pi_426.jpg,106062,
train,Training/pituitary/Tr-pi_428.jpg,111125,
train,Training/pituitary/Tr-pi_430.jpg,112847,
train,Training/pituitary/Tr-pi_433.jpg,103731,
train,Training/pituitary/Tr-pi_434.jpg,111785,
train,Training/pituitary/Tr-pi_435.jpg,105187,
train,Training/pituitary/Tr-pi_438.jpg,107429,
train,Training/pituitary/Tr-pi_439.jpg,98874,
train,Training/pituitary/Tr-pi_44.jpg,98992,
train,Training/pituitary/Tr-pi_440.jpg,97461,
train,Training/pituitary/Tr-pi_444.jpg,106062,
train,Training/pituitary/Tr-pi_446.jpg,110518,
train,Training/pituitary/Tr-pi_447.jpg,101029,
train,Training/pituitary/Tr-pi_449.jpg,107495,
train,Training/pituitary/Tr-pi_450.jpg,107743,
train,Training/pituitary/Tr-pi_451.jpg,105638,
train,Training/pituitary/Tr-pi_458.jpg,112649,
train,Training/pituitary/Tr-pi_459.jpg,112746,
train,Training/pituitary/Tr-pi_46.jpg,113274,
train,Training/pituitary/Tr-pi_460.jpg,98992,
train,Training/pituitary/Tr-pi_463.jpg,114361,
train,Training/pituitary/Tr-pi_464.jpg,101017,
train,Training/pituitary/Tr-pi_467.jpg,98472,
train,Training/pituitary/Tr-pi_469.jpg,99223,
train,Training/pituitary/Tr-pi_47.jpg,98995,
train,Training/pituitary/Tr-pi_470.jpg,104558,
train,Training/pituitary/Tr-pi_471.jpg,107495,
train,Training/pituitary/Tr-pi_473.jpg,99223,
train,Training/pituitary/Tr-pi_475.jpg,97481,
train,Training/pituitary/Tr-pi_477.jpg,111125,
train,Training/pituitary/Tr-pi_478.jpg,104912,
train,Training/pituitary/Tr-pi_480.jpg,101029,
train,Training/pituitary/Tr-pi_481.jpg,103478,
train,Training/pituitary/Tr-pi_483.jpg,104684,
train,Training/pituitary/Tr-pi_486.jpg,106062,
train,Training/pituitary/Tr-pi_488.jpg,104558,
train,Training/pituitary/Tr-pi_490.jpg,104912,
train,Training/pituitary/Tr-pi_493.jpg,103478,
train,Training/pituitary/Tr-pi_494.jpg,109769,
train,Training/pituitary/Tr-pi_496.jpg,103731,
train,Training/pituitary/Tr-pi_500.jpg,114361,
train,Training/pituitary/Tr-pi_504.jpg,101145,
train,Training/pituitary/Tr-pi_505.jpg,111785,
train,Training/pituitary/Tr-pi_507.jpg,108931,
train,Training/pituitary/Tr-pi_509.jpg,107429,
train,Training/pituitary/Tr-pi_51.jpg,101724,
train,Training/pituitary/Tr-pi_510.jpg,104558,
train,Training/pituitary/Tr-pi_515.jpg,98995,
train,Training/pituitary/Tr-pi_517.jpg,103837,
train,Training/pituitary/Tr-pi_526.jpg,109471,
train,Training/pituitary/Tr-pi_53.jpg,101029,
train,Training/pituitary/Tr-pi_530.jpg,103478,
train,Training/pituitary/Tr-pi_532.jpg,110518,
train,Training/pituitary/Tr-pi_534.jpg,112649,
train,Training/pituitary/Tr-pi_536.jpg,98874,
train,Training/pituitary/Tr-pi_537.jpg,108931,
train,Training/pituitary/Tr-pi_539.jpg,101305,
train,Training/pituitary/Tr-pi_54.jpg,104684,
train,Training/pituitary/Tr-pi_540.jpg,111075,
train,Training/pituitary/Tr-pi_543.jpg,107495,
train,Training/pituitary/Tr-pi_545.jpg,98472,
train,Training/pituitary/Tr-pi_546.jpg,104912,
train,Training/pituitary/Tr-pi_548.jpg,112074,
train,Training/pituitary/Tr-pi_549.jpg,111125,
train,Training/pituitary/Tr-pi_550.jpg,105475,
train,Training/pituitary/Tr-pi_551.jpg,103731,
train,Training/pituitary/Tr-pi_552.jpg,101724,
train,Training/pituitary/Tr-pi_553.jpg,112746,
train,Training/pituitary/Tr-pi_554.jpg,112746,
train,Training/pituitary/Tr-pi_556.jpg,104684,
train,Training/pituitary/Tr-pi_559.jpg,108858,
train,Training/pituitary/Tr-pi_561.jpg,112847,
train,Training/pituitary/Tr-pi_562.jpg,106062,
train,Training/pituitary/Tr-pi_564.jpg,103582,
train,Training/pituitary/Tr-pi_565.jpg,110993,
train,Training/pituitary/Tr-pi_567.jpg,104558,
train,Training/pituitary/Tr-pi_568.jpg,104558,
train,Training/pituitary/Tr-pi_569.jpg,107429,
train,Training/pituitary/Tr-pi_571.jpg,112074,
train,Training/pituitary/Tr-pi_575.jpg,112746,
train,Training/pituitary/Tr-pi_576.jpg,103671,
train,Training/pituitary/Tr-pi_578.jpg,97481,
train,Training/pituitary/Tr-pi_58.jpg,105638,
train,Training/pituitary/Tr-pi_581.jpg,101029,
train,Training/pituitary/Tr-pi_584.jpg,97481,
train,Training/pituitary/Tr-pi_585.jpg,103670,
train,Training/pituitary/Tr-pi_586.jpg,103731,
train,Training/pituitary/Tr-pi_588.jpg,110993,
train,Training/pituitary/Tr-pi_589.jpg,108931,
train,Training/pituitary/Tr-pi_59.jpg,97461,
train,Training/pituitary/Tr-pi_590.jpg,98871,
train,Training/pituitary/Tr-pi_591.jpg,110993,
train,Training/pituitary/Tr-pi_593.jpg,97461,
train,Training/pituitary/Tr-pi_598.jpg,112847,
train,Training/pituitary/Tr-pi_599.jpg,105538,
train,Training/pituitary/Tr-pi_6.jpg,103582,
train,Training/pituitary/Tr-pi_600.jpg,112074,
train,Training/pituitary/Tr-pi_601.jpg,108858,
train,Training/pituitary/Tr-pi_602.jpg,99223,
train,Training/pituitary/Tr-pi_605.jpg,107495,
train,Training/pituitary/Tr-pi_606.jpg,97416,
train,Training/pituitary/Tr-pi_607.jpg,105187,
train,Training/pituitary/Tr-pi_608.jpg,105187,
train,Training/pituitary/Tr-pi_609.jpg,104558,
train,Training/pituitary/Tr-pi_612.jpg,108931,
train,Training/pituitary/Tr-pi_617.jpg,101305,
train,Training/pituitary/Tr-pi_618.jpg,103478,
train,Training/pituitary/Tr-pi_619.jpg,113274,
train,Training/pituitary/Tr-pi_62.jpg,104912,
train,Training/pituitary/Tr-pi_623.jpg,114094,
train,Training/pituitary/Tr-pi_626.jpg,103046,
train,Training/pituitary/Tr-pi_629.jpg,102648,
train,Training/pituitary/Tr-pi_63.jpg,109471,
train,Training/pituitary/Tr-pi_632.jpg,103731,
train,Training/pituitary/Tr-pi_635.jpg,103582,
train,Training/pituitary/Tr-pi_636.jpg,102648,
train,Training/pituitary/Tr-pi_637.jpg,98871,
train,Training/pituitary/Tr-pi_638.jpg,99223,
train,Training/pituitary/Tr-pi_639.jpg,97416,
train,Training/pituitary/Tr-pi_640.jpg,101029,
train,Training/pituitary/Tr-pi_641.jpg,101305,
train,Training/pituitary/Tr-pi_642.jpg,97416,
train,Training/pituitary/Tr-pi_644.jpg,110537,
train,Training/pituitary/Tr-pi_646.jpg,109769,
train,Training/pituitary/Tr-pi_647.jpg,104558,
train,Training/pituitary/Tr-pi_649.jpg,109471,
train,Training/pituitary/Tr-pi_65.jpg,113741,
train,Training/pituitary/Tr-pi_650.jpg,112847,
train,Training/pituitary/Tr-pi_652.jpg,97481,
train,Training/pituitary/Tr-pi_656.jpg,109471,
train,Training/pituitary/Tr-pi_658.jpg,114094,
train,Training/pituitary/Tr-pi_663.jpg,105475,
train,Training/pituitary/Tr-pi_669.jpg,98992,
train,Training/pituitary/Tr-pi_671.jpg,104684,
train,Training/pituitary/Tr-pi_674.jpg,114361,
train,Training/pituitary/Tr-pi_676.jpg,97481,
train,Training/pituitary/Tr-pi_677.jpg,98871,
train,Training/pituitary/Tr-pi_678.jpg,106062,
train,Training/pituitary/Tr-pi_679.jpg,103671,
train,Training/pituitary/Tr-pi_683.jpg,98992,
train,Training/pituitary/Tr-pi_685.jpg,103257,
train,Training/pituitary/Tr-pi_686.jpg,106062,
train,Training/pituitary/Tr-pi_687.jpg,103478,
train,Training/pituitary/Tr-pi_688.jpg,99223,
train,Training/pituitary/Tr-pi_689.jpg,97416,
train,Training/pituitary/Tr-pi_69.jpg,104019,
train,Training/pituitary/Tr-pi_696.jpg,109471,
train,Training/pituitary/Tr-pi_697.jpg,101305,
train,Training/pituitary/Tr-pi_699.jpg,107495,
train,Training/pituitary/Tr-pi_7.jpg,103582,
train,Training/pituitary/Tr-pi_70.jpg,106062,
train,Training/pituitary/Tr-pi_701.jpg,97461,
train,Training/pituitary/Tr-pi_703.jpg,103671,
train,Training/pituitary/Tr-pi_71.jpg,107505,
train,Training/pituitary/Tr-pi_711.jpg,101029,
train,Training/pituitary/Tr-pi_715.jpg,103670,
train,Training/pituitary/Tr-pi_716.jpg,101305,
train,Training/pituitary/Tr-pi_717.jpg,103671,
train,Training/pituitary/Tr-pi_718.jpg,106062,
train,Training/pituitary/Tr-pi_72.jpg,98871,
train,Training/pituitary/Tr-pi_720.jpg,103478,
train,Training/pituitary/Tr-pi_722.jpg,107429,
train,Training/pituitary/Tr-pi_723.jpg,97416,
train,Training/pituitary/Tr-pi_726.jpg,97416,
train,Training/pituitary/Tr-pi_728.jpg,103257,
train,Training/pituitary/Tr-pi_730.jpg,98992,
train,Training/pituitary/Tr-pi_731.jpg,101145,
train,Training/pituitary/Tr-pi_732.jpg,97461,
train,Training/pituitary/Tr-pi_733.jpg,108858,
train,Training/pituitary/Tr-pi_734.jpg,98871,
train,Training/pituitary/Tr-pi_735.jpg,112746,
train,Training/pituitary/Tr-pi_736.jpg,109898,
train,Training/pituitary/Tr-pi_739.jpg,103478,
train,Training/pituitary/Tr-pi_742.jpg,107429,
train,Training/pituitary/Tr-pi_743.jpg,110537,
train,Training/pituitary/Tr-pi_744.jpg,98871,
train,Training/pituitary/Tr-pi_746.jpg,112746,
train,Training/pituitary/Tr-pi_747.jpg,104558,
train,Training/pituitary/Tr-pi_749.jpg,103257,
train,Training/pituitary/Tr-pi_75.jpg,101017,
train,Training/pituitary/Tr-pi_751.jpg,104558,
train,Training/pituitary/Tr-pi_755.jpg,105638,
train,Training/pituitary/Tr-pi_757.jpg,104684,
train,Training/pituitary/Tr-pi_758.jpg,112649,
train,Training/pituitary/Tr-pi_76.jpg,99223,
train,Training/pituitary/Tr-pi_760.jpg,109898,
train,Training/pituitary/Tr-pi_764.jpg,104019,
train,Training/pituitary/Tr-pi_767.jpg,111125,
train,Training/pituitary/Tr-pi_771.jpg,101029,
train,Training/pituitary/Tr-pi_774.jpg,104684,
train,Training/pituitary/Tr-pi_777.jpg,106062,
train,Training/pituitary/Tr-pi_779.jpg,112649,
train,Training/pituitary/Tr-pi_78.jpg,107429,
train,Training/pituitary/Tr-pi_781.jpg,101029,
train,Training/pituitary/Tr-pi_784.jpg,98871,
train,Training/pituitary/Tr-pi_785.jpg,109769,
train,Training/pituitary/Tr-pi_786.jpg,103671,
train,Training/pituitary/Tr-pi_787.jpg,103257,
train,Training/pituitary/Tr-pi_788.jpg,102648,
train,Training/pituitary/Tr-pi_79.jpg,110993,
train,Training/pituitary/Tr-pi_790.jpg,97416,
train,Training/pituitary/Tr-pi_791.jpg,105936,
train,Training/pituitary/Tr-pi_792.jpg,98652,
train,Training/pituitary/Tr-pi_796.jpg,97416,
train,Training/pituitary/Tr-pi_797.jpg,97461,
train,Training/pituitary/Tr-pi_798.jpg,102648,
train,Training/pituitary/Tr-pi_799.jpg,104558,
train,Training/pituitary/Tr-pi_80.jpg,114361,
train,Training/pituitary/Tr-pi_801.jpg,98472,
train,Training/pituitary/Tr-pi_807.jpg,111785,
train,Training/pituitary/Tr-pi_809.jpg,97416,
train,Training/pituitary/Tr-pi_81.jpg,107495,
train,Training/pituitary/Tr-pi_811.jpg,112649,
train,Training/pituitary/Tr-pi_812.jpg,103837,
train,Training/pituitary/Tr-pi_814.jpg,97890,
train,Training/pituitary/Tr-pi_816.jpg,109898,
train,Training/pituitary/Tr-pi_817.jpg,97890,
train,Training/pituitary/Tr-pi_818.jpg,97461,
train,Training/pituitary/Tr-pi_82.jpg,103257,
train,Training/pituitary/Tr-pi_820.jpg,98992,
train,Training/pituitary/Tr-pi_821.jpg,109898,
train,Training/pituitary/Tr-pi_823.jpg,98995,
train,Training/pituitary/Tr-pi_824.jpg,97461,
train,Training/pituitary/Tr-pi_825.jpg,97890,
train,Training/pituitary/Tr-pi_829.jpg,103478,
train,Training/pituitary/Tr-pi_830.jpg,114361,
train,Training/pituitary/Tr-pi_831.jpg,98472,
train,Training/pituitary/Tr-pi_833.jpg,105187,
train,Training/pituitary/Tr-pi_837.jpg,105187,
train,Training/pituitary/Tr-pi_838.jpg,113741,
train,Training/pituitary/Tr-pi_84.jpg,108931,
train,Training/pituitary/Tr-pi_840.jpg,104019,
train,Training/pituitary/Tr-pi_842.jpg,114094,
train,Training/pituitary/Tr-pi_843.jpg,97416,
train,Training/pituitary/Tr-pi_846.jpg,103837,
train,Training/pituitary/Tr-pi_85.jpg,111075,
train,Training/pituitary/Tr-pi_850.jpg,98472,
train,Training/pituitary/Tr-pi_852.jpg,105638,
train,Training/pituitary/Tr-pi_854.jpg,114040,
train,Training/pituitary/Tr-pi_855.jpg,111075,
train,Training/pituitary/Tr-pi_856.jpg,101017,
train,Training/pituitary/Tr-pi_858.jpg,103478,
train,Training/pituitary/Tr-pi_860.jpg,97890,
train,Training/pituitary/Tr-pi_862.jpg,103257,
train,Training/pituitary/Tr-pi_865.jpg,110537,
train,Training/pituitary/Tr-pi_868.jpg,114040,
train,Training/pituitary/Tr-pi_87.jpg,105936,
train,Training/pituitary/Tr-pi_870.jpg,98995,
train,Training/pituitary/Tr-pi_871.jpg,103582,
train,Training/pituitary/Tr-pi_873.jpg,112649,
train,Training/pituitary/Tr-pi_875.jpg,101724,
train,Training/pituitary/Tr-pi_88.jpg,103582,
train,Training/pituitary/Tr-pi_880.jpg,105638,
train,Training/pituitary/Tr-pi_881.jpg,97416,
train,Training/pituitary/Tr-pi_882.jpg,114040,
train,Training/pituitary/Tr-pi_883.jpg,112847,
train,Training/pituitary/Tr-pi_886.jpg,103046,
train,Training/pituitary/Tr-pi_888.jpg,97599,
train,Training/pituitary/Tr-pi_889.jpg,99223,
train,Training/pituitary/Tr-pi_89.jpg,112847,
train,Training/pituitary/Tr-pi_891.jpg,104019,
train,Training/pituitary/Tr-pi_893.jpg,98472,
train,Training/pituitary/Tr-pi_896.jpg,98652,
train,Training/pituitary/Tr-pi_899.jpg,105187,
train,Training/pituitary/Tr-pi_900.jpg,111125,
train,Training/pituitary/Tr-pi_902.jpg,111785,
train,Training/pituitary/Tr-pi_904.jpg,101029,
train,Training/pituitary/Tr-pi_906.jpg,103670,
train,Training/pituitary/Tr-pi_91.jpg,101127,
train,Training/pituitary/Tr-pi_910.jpg,103582,
train,Training/pituitary/Tr-pi_913.jpg,98995,
train,Training/pituitary/Tr-pi_914.jpg,103478,
train,Training/pituitary/Tr-pi_917.jpg,107743,
train,Training/pituitary/Tr-pi_918.jpg,103478,
train,Training/pituitary/Tr-pi_920.jpg,112074,
train,Training/pituitary/Tr-pi_921.jpg,110993,
train,Training/pituitary/Tr-pi_922.jpg,98992,
train,Training/pituitary/Tr-pi_923.jpg,104019,
train,Training/pituitary/Tr-pi_925.jpg,107505,
train,Training/pituitary/Tr-pi_926.jpg,97890,
train,Training/pituitary/Tr-pi_929.jpg,101305,
train,Training/pituitary/Tr-pi_93.jpg,98472,
train,Training/pituitary/Tr-pi_937.jpg,103670,
train,Training/pituitary/Tr-pi_938.jpg,101724,
train,Training/pituitary/Tr-pi_939.jpg,103257,
train,Training/pituitary/Tr-pi_940.jpg,105638,
train,Training/pituitary/Tr-pi_941.jpg,103582,
train,Training/pituitary/Tr-pi_942.jpg,98652,
train,Training/pituitary/Tr-pi_946.jpg,113274,
train,Training/pituitary/Tr-pi_947.jpg,107505,
train,Training/pituitary/Tr-pi_948.jpg,101145,
train,Training/pituitary/Tr-pi_95.jpg,98995,
train,Training/pituitary/Tr-pi_950.jpg,104684,
train,Training/pituitary/Tr-pi_951.jpg,107505,
train,Training/pituitary/Tr-pi_952.jpg,97416,
train,Training/pituitary/Tr-pi_953.jpg,103671,
train,Training/pituitary/Tr-pi_954.jpg,111785,
train,Training/pituitary/Tr-pi_955.jpg,110518,
train,Training/pituitary/Tr-pi_957.jpg,111075,
train,Training/pituitary/Tr-pi_958.jpg,99223,
train,Training/pituitary/Tr-pi_962.jpg,97890,
train,Training/pituitary/Tr-pi_963.jpg,110518,
train,Training/pituitary/Tr-pi_965.jpg,101724,
train,Training/pituitary/Tr-pi_970.jpg,98871,
train,Training/pituitary/Tr-pi_971.jpg,107429,
train,Training/pituitary/Tr-pi_974.jpg,109898,
train,Training/pituitary/Tr-pi_975.jpg,108931,
train,Training/pituitary/Tr-pi_978.jpg,105936,
train,Training/pituitary/Tr-pi_979.jpg,112649,
train,Training/pituitary/Tr-pi_984.jpg,97481,
train,Training/pituitary/Tr-pi_985.jpg,97461,
train,Training/pituitary/Tr-pi_986.jpg,108931,
train,Training/pituitary/Tr-pi_987.jpg,98472,
train,Training/pituitary/Tr-pi_989.jpg,111125,
train,Training/pituitary/Tr-pi_99.jpg,97481,
train,Training/pituitary/Tr-pi_990.jpg,108858,
train,Training/pituitary/Tr-pi_991.jpg,102985,
train,Training/pituitary/Tr-pi_993.jpg,103478,
train,Training/pituitary/Tr-pi_994.jpg,105638,
train,Training/pituitary/Tr-pi_996.jpg,113274,
test,Testing/glioma/Te-gl_104.jpg,106494,0.9999
test,Testing/glioma/Te-gl_108.jpg,MR054875,0.9999
test,Testing/glioma/Te-gl_111.jpg,MR033420,0.9999
test,Testing/glioma/Te-gl_112.jpg,MR048294B,0.9999
test,Testing/glioma/Te-gl_116.jpg,MR026175C,0.9999
test,Testing/glioma/Te-gl_118.jpg,MR054875,0.9999
test,Testing/glioma/Te-gl_12.jpg,MR037458C,0.9999
test,Testing/glioma/Te-gl_121.jpg,MR049142,0.9999
test,Testing/glioma/Te-gl_132.jpg,MR039473B,0.9999
test,Testing/glioma/Te-gl_136.jpg,MR039473B,0.9999
test,Testing/glioma/Te-gl_139.jpg,MR051644C,0.9999
test,Testing/glioma/Te-gl_14.jpg,101020,0.9999
test,Testing/glioma/Te-gl_141.jpg,MR040240D,0.9999
test,Testing/glioma/Te-gl_146.jpg,MR049942B,0.9999
test,Testing/glioma/Te-gl_152.jpg,MR049019G,0.9999
test,Testing/glioma/Te-gl_154.jpg,MR054683,0.9997
test,Testing/glioma/Te-gl_155.jpg,MR032322C,0.9999
test,Testing/glioma/Te-gl_156.jpg,MR050135B,0.9999
test,Testing/glioma/Te-gl_16.jpg,103148,0.9999
test,Testing/glioma/Te-gl_162.jpg,MR050687,0.9999
test,Testing/glioma/Te-gl_163.jpg,MR050135B,0.9999
test,Testing/glioma/Te-gl_169.jpg,100820,0.9999
test,Testing/glioma/Te-gl_177.jpg,MR050791B,0.9999
test,Testing/glioma/Te-gl_179.jpg,MR051644C,0.9999
test,Testing/glioma/Te-gl_18.jpg,MR050687,0.9999
test,Testing/glioma/Te-gl_190.jpg,101020,0.9999
test,Testing/glioma/Te-gl_198.jpg,MR033389B,0.9999
test,Testing/glioma/Te-gl_200.jpg,MR053110B,0.9999
test,Testing/glioma/Te-gl_206.jpg,MR048297,0.9999
test,Testing/glioma/Te-gl_207.jpg,MR034694,0.9999
test,Testing/glioma/Te-gl_21.jpg,MR049453,0.9999
test,Testing/glioma/Te-gl_216.jpg,MR034997,0.9999
test,Testing/glioma/Te-gl_219.jpg,MR050791B,0.9999
test,Testing/glioma/Te-gl_220.jpg,MR048944,0.9999
test,Testing/glioma/Te-gl_223.jpg,MR040240D,0.9999
test,Testing/glioma/Te-gl_225.jpg,MR034997,0.9999
test,Testing/glioma/Te-gl_233.jpg,MR049358,0.9999
test,Testing/glioma/Te-gl_234.jpg,MR040240B,0.9999
test,Testing/glioma/Te-gl_235.jpg,MR048294,0.9999
test,Testing/glioma/Te-gl_242.jpg,MR048944B,0.9999
test,Testing/glioma/Te-gl_244.jpg,MR050687C,0.9999
test,Testing/glioma/Te-gl_247.jpg,106494,0.9999
test,Testing/glioma/Te-gl_250.jpg,MR048994,0.9999
test,Testing/glioma/Te-gl_253.jpg,MR050135B,0.9999
test,Testing/glioma/Te-gl_256.jpg,MR051644,0.9999
test,Testing/glioma/Te-gl_257.jpg,101020,0.9999
test,Testing/glioma/Te-gl_261.jpg,MR049358,0.9999
test,Testing/glioma/Te-gl_270.jpg,106494,0.9999
test,Testing/glioma/Te-gl_271.jpg,MR051461,0.9999
test,Testing/glioma/Te-gl_279.jpg,MR034694,0.9999
test,Testing/glioma/Te-gl_28.jpg,102075,0.9999
test,Testing/glioma/Te-gl_281.jpg,MR048944,0.9999
test,Testing/glioma/Te-gl_282.jpg,MR017260F,0.9999
test,Testing/glioma/Te-gl_283.jpg,MR037458C,0.9999
test,Testing/glioma/Te-gl_284.jpg,MR049019G,0.9999
test,Testing/glioma/Te-gl_29.jpg,106494,0.9999
test,Testing/glioma/Te-gl_292.jpg,MR029209I,0.9999
test,Testing/glioma/Te-gl_294.jpg,MR040240,0.9999
test,Testing/glioma/Te-gl_298.jpg,MR051644,0.9999
test,Testing/glioma/Te-gl_299.jpg,MR049358,0.9999
test,Testing/glioma/Te-gl_304.jpg,101020,0.9999
test,Testing/glioma/Te-gl_31.jpg,MR026175C,0.9999
test,Testing/glioma/Te-gl_311.jpg,MR049358,0.9999
test,Testing/glioma/Te-gl_312.jpg,MR048944B,0.9999
test,Testing/glioma/Te-gl_320.jpg,MR034997,0.9999
test,Testing/glioma/Te-gl_322.jpg,MR049019C,0.9999
test,Testing/glioma/Te-gl_325.jpg,MR036496B,0.9999
test,Testing/glioma/Te-gl_33.jpg,MR050135B,0.9999
test,Testing/glioma/Te-gl_336.jpg,107747,0.9999
test,Testing/glioma/Te-gl_339.jpg,MR024780B,0.9999
test,Testing/glioma/Te-gl_34.jpg,MR051796B,0.9999
test,Testing/glioma/Te-gl_359.jpg,MR050687,0.9999
test,Testing/glioma/Te-gl_36.jpg,MR050791B,0.9999
test,Testing/glioma/Te-gl_363.jpg,MR054875,0.9999
test,Testing/glioma/Te-gl_364.jpg,MR049358,0.9999
test,Testing/glioma/Te-gl_369.jpg,112105,0.9999
test,Testing/glioma/Te-gl_370.jpg,MR049453,0.9999
test,Testing/glioma/Te-gl_371.jpg,101020,0.9999
test,Testing/glioma/Te-gl_373.jpg,MR048621B,0.9999
test,Testing/glioma/Te-gl_374.jpg,MR053110E,0.9999
test,Testing/glioma/Te-gl_378.jpg,MR049358,0.9999
test,Testing/glioma/Te-gl_385.jpg,MR051586,0.9998
test,Testing/glioma/Te-gl_387.jpg,MR050135B,0.9999
test,Testing/glioma/Te-gl_396.jpg,MR037458C,0.9999
test,Testing/glioma/Te-gl_398.jpg,MR049453B,0.9999
test,Testing/glioma/Te-gl_45.jpg,MR040240B,0.9999
test,Testing/glioma/Te-gl_5.jpg,MR033420,0.9999
test,Testing/glioma/Te-gl_61.jpg,MR017260F,0.9999
test,Testing/glioma/Te-gl_64.jpg,MR026175E,0.9999
test,Testing/glioma/Te-gl_71.jpg,101020,0.9999
test,Testing/glioma/Te-gl_75.jpg,MR037458B,0.9999
test,Testing/glioma/Te-gl_77.jpg,102075,0.9999
test,Testing/glioma/Te-gl_8.jpg,MR049453B,0.9999
test,Testing/glioma/Te-gl_85.jpg,MR050135B,0.9999
test,Testing/glioma/Te-gl_87.jpg,101020,0.9999
test,Testing/glioma/Te-gl_88.jpg,MR051651,0.9999
test,Testing/glioma/Te-gl_9.jpg,MR052550,0.9999
test,Testing/glioma/Te-gl_95.jpg,MR049104,0.9999
test,Testing/meningioma/Te-me_104.jpg,97943,0.9999
test,Testing/meningioma/Te-me_124.jpg,107494,0.9999
test,Testing/meningioma/Te-me_141.jpg,100360,0.9999
test,Testing/meningioma/Te-me_145.jpg,109968,0.9999
test,Testing/meningioma/Te-me_146.jpg,114018,0.9999
test,Testing/meningioma/Te-me_147.jpg,109411,0.9999
test,Testing/meningioma/Te-me_164.jpg,113435,0.9999
test,Testing/meningioma/Te-me_172.jpg,112062,0.9999
test,Testing/meningioma/Te-me_173.jpg,113435,1.0000
test,Testing/meningioma/Te-me_212.jpg,101016,0.9999
test,Testing/meningioma/Te-me_224.jpg,111077,0.9999
test,Testing/meningioma/Te-me_225.jpg,107494,0.9999
test,Testing/meningioma/Te-me_245.jpg,100360,0.9999
test,Testing/meningioma/Te-me_246.jpg,98241,0.9999
test,Testing/meningioma/Te-me_254.jpg,98241,1.0000
test,Testing/meningioma/Te-me_269.jpg,113805,1.0000
test,Testing/meningioma/Te-me_286.jpg,97607,0.9999
test,Testing/meningioma/Te-me_297.jpg,108945,0.9999
test,Testing/meningioma/Te-me_33.jpg,114359,0.9999
test,Testing/meningioma/Te-me_41.jpg,108550,0.9999
test,Testing/meningioma/Te-me_46.jpg,112552,0.9999
test,Testing/meningioma/Te-me_47.jpg,97875,0.9999
test,Testing/meningioma/Te-me_51.jpg,108514,0.9999
test,Testing/meningioma/Te-me_68.jpg,112648,1.0000
test,Testing/meningioma/Te-me_78.jpg,112002,0.9999
test,Testing/meningioma/Te-me_85.jpg,111366,0.9999
test,Testing/pituitary/Te-pi_101.jpg,103671,0.9999
test,Testing/pituitary/Te-pi_115.jpg,98472,0.9999
test,Testing/pituitary/Te-pi_117.jpg,102648,0.9999
test,Testing/pituitary/Te-pi_118.jpg,103731,0.9999
test,Testing/pituitary/Te-pi_127.jpg,101305,0.9999
test,Testing/pituitary/Te-pi_139.jpg,98995,0.9999
test,Testing/pituitary/Te-pi_141.jpg,109898,0.9999
test,Testing/pituitary/Te-pi_158.jpg,103257,0.9999
test,Testing/pituitary/Te-pi_166.jpg,104912,0.9999
test,Testing/pituitary/Te-pi_168.jpg,101017,0.9999
test,Testing/pituitary/Te-pi_170.jpg,112847,0.9999
test,Testing/pituitary/Te-pi_174.jpg,97481,0.9999
test,Testing/pituitary/Te-pi_176.jpg,113274,0.9999
test,Testing/pituitary/Te-pi_178.jpg,98874,0.9999
test,Testing/pituitary/Te-pi_186.jpg,112746,0.9999
test,Testing/pituitary/Te-pi_189.jpg,104684,0.9999
test,Testing/pituitary/Te-pi_199.jpg,98874,0.9999
test,Testing/pituitary/Te-pi_2.jpg,104558,1.0000
test,Testing/pituitary/Te-pi_203.jpg,101724,0.9999
test,Testing/pituitary/Te-pi_206.jpg,101127,0.9999
test,Testing/pituitary/Te-pi_212.jpg,103582,1.0000
test,Testing/pituitary/Te-pi_226.jpg,98874,0.9999
test,Testing/pituitary/Te-pi_229.jpg,58392,0.9999
test,Testing/pituitary/Te-pi_233.jpg,111125,0.9999
test,Testing/pituitary/Te-pi_235.jpg,101029,0.9999
test,Testing/pituitary/Te-pi_240.jpg,107505,0.9999
test,Testing/pituitary/Te-pi_245.jpg,98871,0.9999
test,Testing/pituitary/Te-pi_248.jpg,98874,0.9999
test,Testing/pituitary/Te-pi_249.jpg,97416,0.9999
test,Testing/pituitary/Te-pi_254.jpg,98992,0.9999
test,Testing/pituitary/Te-pi_264.jpg,106062,0.9999
test,Testing/pituitary/Te-pi_266.jpg,109471,0.9999
test,Testing/pituitary/Te-pi_268.jpg,97461,1.0000
test,Testing/pituitary/Te-pi_273.jpg,113274,0.9999
test,Testing/pituitary/Te-pi_277.jpg,107505,0.9999
test,Testing/pituitary/Te-pi_28.jpg,101017,0.9999
test,Testing/pituitary/Te-pi_286.jpg,98992,0.9999
test,Testing/pituitary/Te-pi_298.jpg,105936,0.9999
test,Testing/pituitary/Te-pi_3.jpg,98652,0.9999
test,Testing/pituitary/Te-pi_30.jpg,99223,0.9999
test,Testing/pituitary/Te-pi_301.jpg,101305,0.9999
test,Testing/pituitary/Te-pi_308.jpg,112746,0.9999
test,Testing/pituitary/Te-pi_31.jpg,97890,0.9999
test,Testing/pituitary/Te-pi_315.jpg,98871,0.9999
test,Testing/pituitary/Te-pi_321.jpg,108931,0.9998
test,Testing/pituitary/Te-pi_325.jpg,114361,0.9999
test,Testing/pituitary/Te-pi_328.jpg,105187,0.9999
test,Testing/pituitary/Te-pi_336.jpg,104912,0.9999
test,Testing/pituitary/Te-pi_342.jpg,107495,0.9999
test,Testing/pituitary/Te-pi_345.jpg,103731,0.9999
test,Testing/pituitary/Te-pi_356.jpg,99223,0.9999
test,Testing/pituitary/Te-pi_361.jpg,107429,0.9999
test,Testing/pituitary/Te-pi_364.jpg,98874,0.9999
test,Testing/pituitary/Te-pi_379.jpg,101305,0.9997
test,Testing/pituitary/Te-pi_382.jpg,107495,0.9999
test,Testing/pituitary/Te-pi_383.jpg,114040,0.9999
test,Testing/pituitary/Te-pi_390.jpg,101029,0.9999
test,Testing/pituitary/Te-pi_391.jpg,103731,0.9999
test,Testing/pituitary/Te-pi_393.jpg,102648,0.9999
test,Testing/pituitary/Te-pi_395.jpg,102648,0.9999
test,Testing/pituitary/Te-pi_40.jpg,97416,0.9999
test,Testing/pituitary/Te-pi_42.jpg,103478,0.9999
test,Testing/pituitary/Te-pi_43.jpg,104684,0.9999
test,Testing/pituitary/Te-pi_49.jpg,103671,0.9999
test,Testing/pituitary/Te-pi_54.jpg,107743,0.9999
test,Testing/pituitary/Te-pi_55.jpg,104019,0.9999
test,Testing/pituitary/Te-pi_72.jpg,98871,0.9999
test,Testing/pituitary/Te-pi_74.jpg,108858,0.9999
test,Testing/pituitary/Te-pi_8.jpg,105538,0.9999
test,Testing/pituitary/Te-pi_80.jpg,104558,0.9999
test,Testing/pituitary/Te-pi_83.jpg,109769,0.9999
test,Testing/pituitary/Te-pi_88.jpg,98871,0.9999
test,Testing/pituitary/Te-pi_89.jpg,103582,0.9999
test,Testing/pituitary/Te-pi_92.jpg,101145,1.0000
test,Testing/pituitary/Te-pi_93.jpg,103257,0.9999
test,Testing/pituitary/Te-pi_95.jpg,105638,0.9999
test,Testing/pituitary/Te-pi_99.jpg,110537,1.0000
