path,label,best_match,ncc
Training/glioma_tumor/gg (106).jpg,glioma_tumor,Training/glioma/Tr-gl_585.jpg,0.7273
Training/glioma_tumor/gg (107).jpg,glioma_tumor,Training/pituitary/Tr-pi_307.jpg,0.6958
Training/glioma_tumor/gg (108).jpg,glioma_tumor,Training/meningioma/Tr-me_812.jpg,0.7710
Training/glioma_tumor/gg (109).jpg,glioma_tumor,Training/glioma/Tr-gl_646.jpg,0.7735
Training/glioma_tumor/gg (11).jpg,glioma_tumor,Testing/glioma/Te-gl_77.jpg,0.9345
Training/glioma_tumor/gg (112).jpg,glioma_tumor,Training/glioma/Tr-gl_687.jpg,0.7902
Training/glioma_tumor/gg (115).jpg,glioma_tumor,Training/glioma/Tr-gl_677.jpg,0.7672
Training/glioma_tumor/gg (116).jpg,glioma_tumor,Training/meningioma/Tr-me_1183.jpg,0.7933
Training/glioma_tumor/gg (117).jpg,glioma_tumor,Training/meningioma/Tr-me_460.jpg,0.7992
Training/glioma_tumor/gg (119).jpg,glioma_tumor,Training/glioma/Tr-gl_819.jpg,0.9029
Training/glioma_tumor/gg (120).jpg,glioma_tumor,Training/meningioma/Tr-me_804.jpg,0.7947
Training/glioma_tumor/gg (121).jpg,glioma_tumor,Training/meningioma/Tr-me_59.jpg,0.8128
Training/glioma_tumor/gg (123).jpg,glioma_tumor,Training/glioma/Tr-gl_914.jpg,0.8284
Training/glioma_tumor/gg (125).jpg,glioma_tumor,Training/glioma/Tr-gl_914.jpg,0.8537
Training/glioma_tumor/gg (126).jpg,glioma_tumor,Training/meningioma/Tr-me_124.jpg,0.7436
Training/glioma_tumor/gg (127).jpg,glioma_tumor,Training/meningioma/Tr-me_164.jpg,0.7823
Training/glioma_tumor/gg (128).jpg,glioma_tumor,Training/glioma/Tr-gl_329.jpg,0.8945
Training/glioma_tumor/gg (13).jpg,glioma_tumor,Testing/glioma/Te-gl_77.jpg,0.9442
Training/glioma_tumor/gg (130).jpg,glioma_tumor,Training/glioma/Tr-gl_1033.jpg,0.8824
Training/glioma_tumor/gg (131).jpg,glioma_tumor,Testing/glioma/Te-gl_237.jpg,0.8605
Training/glioma_tumor/gg (132).jpg,glioma_tumor,Testing/glioma/Te-gl_51.jpg,0.8596
Training/glioma_tumor/gg (133).jpg,glioma_tumor,Testing/glioma/Te-gl_51.jpg,0.8238
Training/glioma_tumor/gg (134).jpg,glioma_tumor,Testing/glioma/Te-gl_80.jpg,0.7814
Training/glioma_tumor/gg (135).jpg,glioma_tumor,Testing/glioma/Te-gl_80.jpg,0.7771
Training/glioma_tumor/gg (136).jpg,glioma_tumor,Testing/meningioma/Te-aug-me_45.jpg,0.8111
Training/glioma_tumor/gg (137).jpg,glioma_tumor,Training/glioma/Tr-gl_1356.jpg,0.8844
Training/glioma_tumor/gg (138).jpg,glioma_tumor,Training/glioma/Tr-gl_1354.jpg,0.9046
Training/glioma_tumor/gg (139).jpg,glioma_tumor,Training/glioma/Tr-gl_1281.jpg,0.9093
Training/glioma_tumor/gg (14).jpg,glioma_tumor,Training/glioma/Tr-gl_1166.jpg,0.8560
Training/glioma_tumor/gg (141).jpg,glioma_tumor,Training/meningioma/Tr-me_618.jpg,0.8001
Training/glioma_tumor/gg (142).jpg,glioma_tumor,Training/pituitary/Tr-pi_68.jpg,0.6058
Training/glioma_tumor/gg (144).jpg,glioma_tumor,Training/glioma/Tr-gl_1078.jpg,0.8737
Training/glioma_tumor/gg (145).jpg,glioma_tumor,Training/glioma/Tr-gl_1078.jpg,0.6826
Training/glioma_tumor/gg (146).jpg,glioma_tumor,Training/glioma/Tr-gl_512.jpg,0.7363
Training/glioma_tumor/gg (147).jpg,glioma_tumor,Training/glioma/Tr-gl_220.jpg,0.7009
Training/glioma_tumor/gg (148).jpg,glioma_tumor,Training/glioma/Tr-gl_1088.jpg,0.6811
Training/glioma_tumor/gg (149).jpg,glioma_tumor,Training/glioma/Tr-gl_1088.jpg,0.7669
Training/glioma_tumor/gg (15).jpg,glioma_tumor,Training/glioma/Tr-gl_428.jpg,0.9101
Training/glioma_tumor/gg (150).jpg,glioma_tumor,Training/glioma/Tr-gl_1128.jpg,0.8022
Training/glioma_tumor/gg (151).jpg,glioma_tumor,Training/glioma/Tr-gl_1128.jpg,0.8378
Training/glioma_tumor/gg (153).jpg,glioma_tumor,Training/glioma/Tr-gl_1128.jpg,0.8340
Training/glioma_tumor/gg (155).jpg,glioma_tumor,Training/meningioma/Tr-me_1015.jpg,0.7545
Training/glioma_tumor/gg (156).jpg,glioma_tumor,Training/meningioma/Tr-me_1015.jpg,0.7956
Training/glioma_tumor/gg (157).jpg,glioma_tumor,Training/glioma/Tr-gl_181.jpg,0.7664
Training/glioma_tumor/gg (158).jpg,glioma_tumor,Training/glioma/Tr-gl_479.jpg,0.6884
Training/glioma_tumor/gg (159).jpg,glioma_tumor,Training/glioma/Tr-gl_1134.jpg,0.8376
Training/glioma_tumor/gg (16).jpg,glioma_tumor,Training/glioma/Tr-gl_569.jpg,0.8428
Training/glioma_tumor/gg (160).jpg,glioma_tumor,Training/glioma/Tr-gl_1134.jpg,0.8836
Training/glioma_tumor/gg (162).jpg,glioma_tumor,Testing/glioma/Te-gl_244.jpg,0.7631
Training/glioma_tumor/gg (163).jpg,glioma_tumor,Training/glioma/Tr-gl_1134.jpg,0.8648
Training/glioma_tumor/gg (164).jpg,glioma_tumor,Training/meningioma/Tr-me_7.jpg,0.7018
Training/glioma_tumor/gg (165).jpg,glioma_tumor,Training/meningioma/Tr-me_7.jpg,0.6847
Training/glioma_tumor/gg (166).jpg,glioma_tumor,Training/meningioma/Tr-me_7.jpg,0.6342
Training/glioma_tumor/gg (167).jpg,glioma_tumor,Training/meningioma/Tr-me_7.jpg,0.6545
Training/glioma_tumor/gg (168).jpg,glioma_tumor,Training/meningioma/Tr-me_7.jpg,0.6369
Training/glioma_tumor/gg (169).jpg,glioma_tumor,Training/glioma/Tr-gl_1176.jpg,0.8779
Training/glioma_tumor/gg (17).jpg,glioma_tumor,Training/glioma/Tr-gl_569.jpg,0.8489
Training/glioma_tumor/gg (170).jpg,glioma_tumor,Training/glioma/Tr-gl_1176.jpg,0.9168
Training/glioma_tumor/gg (172).jpg,glioma_tumor,Training/glioma/Tr-gl_1176.jpg,0.8578
Training/glioma_tumor/gg (173).jpg,glioma_tumor,Training/meningioma/Tr-me_461.jpg,0.7054
Training/glioma_tumor/gg (174).jpg,glioma_tumor,Training/meningioma/Tr-me_461.jpg,0.7287
Training/glioma_tumor/gg (175).jpg,glioma_tumor,Training/meningioma/Tr-me_124.jpg,0.7238
Training/glioma_tumor/gg (176).jpg,glioma_tumor,Training/glioma/Tr-gl_1176.jpg,0.6930
Training/glioma_tumor/gg (177).jpg,glioma_tumor,Training/glioma/Tr-gl_1176.jpg,0.6705
Training/glioma_tumor/gg (178).jpg,glioma_tumor,Training/meningioma/Tr-me_461.jpg,0.6515
Training/glioma_tumor/gg (179).jpg,glioma_tumor,Training/pituitary/Tr-pi_307.jpg,0.6469
Training/glioma_tumor/gg (18).jpg,glioma_tumor,Training/glioma/Tr-gl_569.jpg,0.8425
Training/glioma_tumor/gg (180).jpg,glioma_tumor,Training/meningioma/Tr-me_1085.jpg,0.7881
Training/glioma_tumor/gg (181).jpg,glioma_tumor,Training/meningioma/Tr-me_299.jpg,0.7324
Training/glioma_tumor/gg (182).jpg,glioma_tumor,Training/meningioma/Tr-me_668.jpg,0.7270
Training/glioma_tumor/gg (183).jpg,glioma_tumor,Training/meningioma/Tr-me_1066.jpg,0.7526
Training/glioma_tumor/gg (184).jpg,glioma_tumor,Testing/glioma/Te-gl_244.jpg,0.7631
Training/glioma_tumor/gg (185).jpg,glioma_tumor,Training/meningioma/Tr-me_1298.jpg,0.7608
Training/glioma_tumor/gg (186).jpg,glioma_tumor,Training/meningioma/Tr-me_873.jpg,0.6719
Training/glioma_tumor/gg (187).jpg,glioma_tumor,Training/meningioma/Tr-me_1268.jpg,0.6718
Training/glioma_tumor/gg (188).jpg,glioma_tumor,Training/meningioma/Tr-me_797.jpg,0.6690
Training/glioma_tumor/gg (189).jpg,glioma_tumor,Training/glioma/Tr-gl_1193.jpg,0.8217
Training/glioma_tumor/gg (19).jpg,glioma_tumor,Training/glioma/Tr-gl_569.jpg,0.8396
Training/glioma_tumor/gg (191).jpg,glioma_tumor,Training/glioma/Tr-gl_1193.jpg,0.8679
Training/glioma_tumor/gg (192).jpg,glioma_tumor,Training/glioma/Tr-gl_1192.jpg,0.8739
Training/glioma_tumor/gg (194).jpg,glioma_tumor,Training/meningioma/Tr-me_873.jpg,0.8115
Training/glioma_tumor/gg (195).jpg,glioma_tumor,Training/meningioma/Tr-me_1270.jpg,0.7661
Training/glioma_tumor/gg (196).jpg,glioma_tumor,Training/meningioma/Tr-me_1015.jpg,0.7779
Training/glioma_tumor/gg (198).jpg,glioma_tumor,Testing/glioma/Te-gl_211.jpg,0.6894
Training/glioma_tumor/gg (199).jpg,glioma_tumor,Training/glioma/Tr-gl_1227.jpg,0.7901
Training/glioma_tumor/gg (2).jpg,glioma_tumor,Training/meningioma/Tr-me_124.jpg,0.7436
Training/glioma_tumor/gg (20).jpg,glioma_tumor,Training/glioma/Tr-gl_840.jpg,0.8462
Training/glioma_tumor/gg (201).jpg,glioma_tumor,Training/glioma/Tr-gl_1227.jpg,0.8138
Training/glioma_tumor/gg (202).jpg,glioma_tumor,Training/meningioma/Tr-me_402.jpg,0.7065
Training/glioma_tumor/gg (203).jpg,glioma_tumor,Training/glioma/Tr-gl_1204.jpg,0.6869
Training/glioma_tumor/gg (204).jpg,glioma_tumor,Training/meningioma/Tr-me_1273.jpg,0.7619
Training/glioma_tumor/gg (205).jpg,glioma_tumor,Training/glioma/Tr-gl_721.jpg,0.7529
Training/glioma_tumor/gg (206).jpg,glioma_tumor,Training/glioma/Tr-gl_1287.jpg,0.7806
Training/glioma_tumor/gg (208).jpg,glioma_tumor,Training/glioma/Tr-gl_1287.jpg,0.8157
Training/glioma_tumor/gg (209).jpg,glioma_tumor,Training/glioma/Tr-gl_1302.jpg,0.8150
Training/glioma_tumor/gg (21).jpg,glioma_tumor,Training/glioma/Tr-gl_1077.jpg,0.8424
Training/glioma_tumor/gg (211).jpg,glioma_tumor,Training/glioma/Tr-gl_1302.jpg,0.8600
Training/glioma_tumor/gg (212).jpg,glioma_tumor,Training/meningioma/Tr-aug-me_21.jpg,0.7045
Training/glioma_tumor/gg (213).jpg,glioma_tumor,Training/meningioma/Tr-aug-me_21.jpg,0.7111
Training/glioma_tumor/gg (214).jpg,glioma_tumor,Training/glioma/Tr-gl_885.jpg,0.7113
Training/glioma_tumor/gg (215).jpg,glioma_tumor,Training/glioma/Tr-gl_885.jpg,0.7380
Training/glioma_tumor/gg (216).jpg,glioma_tumor,Training/glioma/Tr-gl_885.jpg,0.7835
Training/glioma_tumor/gg (217).jpg,glioma_tumor,Training/meningioma/Tr-me_188.jpg,0.7484
Training/glioma_tumor/gg (218).jpg,glioma_tumor,Training/meningioma/Tr-me_188.jpg,0.7432
Training/glioma_tumor/gg (219).jpg,glioma_tumor,Training/meningioma/Tr-me_904.jpg,0.7641
Training/glioma_tumor/gg (22).jpg,glioma_tumor,Training/glioma/Tr-gl_297.jpg,0.8762
Training/glioma_tumor/gg (220).jpg,glioma_tumor,Training/glioma/Tr-gl_806.jpg,0.6345
Training/glioma_tumor/gg (221).jpg,glioma_tumor,Training/glioma/Tr-gl_806.jpg,0.6524
Training/glioma_tumor/gg (222).jpg,glioma_tumor,Training/glioma/Tr-gl_806.jpg,0.7241
Training/glioma_tumor/gg (224).jpg,glioma_tumor,Testing/meningioma/Te-aug-me_99.jpg,0.7580
Training/glioma_tumor/gg (225).jpg,glioma_tumor,Training/glioma/Tr-gl_1204.jpg,0.7631
Training/glioma_tumor/gg (226).jpg,glioma_tumor,Testing/glioma/Te-gl_108.jpg,0.7428
Training/glioma_tumor/gg (227).jpg,glioma_tumor,Testing/glioma/Te-gl_363.jpg,0.6887
Training/glioma_tumor/gg (228).jpg,glioma_tumor,Training/glioma/Tr-gl_677.jpg,0.6597
Training/glioma_tumor/gg (229).jpg,glioma_tumor,Training/pituitary/Tr-pi_642.jpg,0.7230
Training/glioma_tumor/gg (23).jpg,glioma_tumor,Training/meningioma/Tr-me_17.jpg,0.8900
Training/glioma_tumor/gg (230).jpg,glioma_tumor,Training/pituitary/Tr-pi_1206.jpg,0.6232
Training/glioma_tumor/gg (231).jpg,glioma_tumor,Training/pituitary/Tr-pi_897.jpg,0.6308
Training/glioma_tumor/gg (232).jpg,glioma_tumor,Training/pituitary/Tr-pi_1335.jpg,0.6478
Training/glioma_tumor/gg (233).jpg,glioma_tumor,Training/pituitary/Tr-pi_843.jpg,0.6591
Training/glioma_tumor/gg (234).jpg,glioma_tumor,Training/glioma/Tr-gl_677.jpg,0.6396
Training/glioma_tumor/gg (235).jpg,glioma_tumor,Training/glioma/Tr-gl_646.jpg,0.6651
Training/glioma_tumor/gg (236).jpg,glioma_tumor,Testing/glioma/Te-gl_108.jpg,0.7046
Training/glioma_tumor/gg (237).jpg,glioma_tumor,Training/meningioma/Tr-me_391.jpg,0.7377
Training/glioma_tumor/gg (238).jpg,glioma_tumor,Training/glioma/Tr-gl_1324.jpg,0.7637
Training/glioma_tumor/gg (239).jpg,glioma_tumor,Training/meningioma/Tr-me_391.jpg,0.8018
Training/glioma_tumor/gg (24).jpg,glioma_tumor,Testing/meningioma/Te-me_194.jpg,0.8971
Training/glioma_tumor/gg (240).jpg,glioma_tumor,Training/meningioma/Tr-me_1264.jpg,0.7755
Training/glioma_tumor/gg (241).jpg,glioma_tumor,Training/meningioma/Tr-me_1183.jpg,0.8177
Training/glioma_tumor/gg (242).jpg,glioma_tumor,Training/glioma/Tr-gl_527.jpg,0.8058
Training/glioma_tumor/gg (243).jpg,glioma_tumor,Training/meningioma/Tr-aug-me_78.jpg,0.8104
Training/glioma_tumor/gg (244).jpg,glioma_tumor,Training/meningioma/Tr-me_569.jpg,0.7797
Training/glioma_tumor/gg (245).jpg,glioma_tumor,Training/meningioma/Tr-me_888.jpg,0.7623
Training/glioma_tumor/gg (246).jpg,glioma_tumor,Training/meningioma/Tr-me_560.jpg,0.7266
Training/glioma_tumor/gg (247).jpg,glioma_tumor,Training/meningioma/Tr-me_483.jpg,0.7431
Training/glioma_tumor/gg (248).jpg,glioma_tumor,Testing/glioma/Te-gl_274.jpg,0.7345
Training/glioma_tumor/gg (249).jpg,glioma_tumor,Training/meningioma/Tr-me_689.jpg,0.7263
Training/glioma_tumor/gg (25).jpg,glioma_tumor,Training/meningioma/Tr-me_918.jpg,0.9442
Training/glioma_tumor/gg (250).jpg,glioma_tumor,Training/meningioma/Tr-me_1176.jpg,0.7688
Training/glioma_tumor/gg (251).jpg,glioma_tumor,Training/meningioma/Tr-me_208.jpg,0.7372
Training/glioma_tumor/gg (252).jpg,glioma_tumor,Training/meningioma/Tr-me_208.jpg,0.7596
Training/glioma_tumor/gg (253).jpg,glioma_tumor,Training/meningioma/Tr-me_502.jpg,0.7457
Training/glioma_tumor/gg (254).jpg,glioma_tumor,Training/meningioma/Tr-me_232.jpg,0.6651
Training/glioma_tumor/gg (255).jpg,glioma_tumor,Training/meningioma/Tr-me_232.jpg,0.6879
Training/glioma_tumor/gg (256).jpg,glioma_tumor,Training/meningioma/Tr-me_1259.jpg,0.6608
Training/glioma_tumor/gg (257).jpg,glioma_tumor,Training/meningioma/Tr-me_62.jpg,0.6786
Training/glioma_tumor/gg (258).jpg,glioma_tumor,Training/meningioma/Tr-me_888.jpg,0.7284
Training/glioma_tumor/gg (259).jpg,glioma_tumor,Training/meningioma/Tr-me_569.jpg,0.7368
Training/glioma_tumor/gg (26).jpg,glioma_tumor,Training/glioma/Tr-gl_823.jpg,0.9199
Training/glioma_tumor/gg (260).jpg,glioma_tumor,Training/meningioma/Tr-me_430.jpg,0.8004
Training/glioma_tumor/gg (261).jpg,glioma_tumor,Training/meningioma/Tr-me_1071.jpg,0.8212
Training/glioma_tumor/gg (262).jpg,glioma_tumor,Training/glioma/Tr-gl_330.jpg,0.7611
Training/glioma_tumor/gg (263).jpg,glioma_tumor,Training/meningioma/Tr-me_59.jpg,0.7698
Training/glioma_tumor/gg (264).jpg,glioma_tumor,Training/meningioma/Tr-me_62.jpg,0.7532
Training/glioma_tumor/gg (265).jpg,glioma_tumor,Training/glioma/Tr-gl_1060.jpg,0.8308
Training/glioma_tumor/gg (266).jpg,glioma_tumor,Training/notumor/Tr-no_300.jpg,0.7170
Training/glioma_tumor/gg (267).jpg,glioma_tumor,Training/glioma/Tr-gl_1227.jpg,0.7093
Training/glioma_tumor/gg (268).jpg,glioma_tumor,Training/meningioma/Tr-me_402.jpg,0.7791
Training/glioma_tumor/gg (269).jpg,glioma_tumor,Training/meningioma/Tr-me_402.jpg,0.7779
Training/glioma_tumor/gg (27).jpg,glioma_tumor,Training/meningioma/Tr-me_1148.jpg,0.7434
Training/glioma_tumor/gg (270).jpg,glioma_tumor,Training/glioma/Tr-gl_1236.jpg,0.8092
Training/glioma_tumor/gg (273).jpg,glioma_tumor,Training/glioma/Tr-gl_1112.jpg,0.8248
Training/glioma_tumor/gg (274).jpg,glioma_tumor,Training/glioma/Tr-gl_635.jpg,0.8424
Training/glioma_tumor/gg (275).jpg,glioma_tumor,Training/glioma/Tr-gl_264.jpg,0.9319
Training/glioma_tumor/gg (277).jpg,glioma_tumor,Training/glioma/Tr-gl_264.jpg,0.9100
Training/glioma_tumor/gg (278).jpg,glioma_tumor,Training/glioma/Tr-gl_1305.jpg,0.8526
Training/glioma_tumor/gg (279).jpg,glioma_tumor,Training/glioma/Tr-gl_1305.jpg,0.9058
Training/glioma_tumor/gg (28).jpg,glioma_tumor,Training/glioma/Tr-gl_1173.jpg,0.6884
Training/glioma_tumor/gg (281).jpg,glioma_tumor,Training/glioma/Tr-gl_498.jpg,0.8421
Training/glioma_tumor/gg (282).jpg,glioma_tumor,Training/glioma/Tr-gl_498.jpg,0.8616
Training/glioma_tumor/gg (283).jpg,glioma_tumor,Training/glioma/Tr-gl_498.jpg,0.9161
Training/glioma_tumor/gg (285).jpg,glioma_tumor,Training/glioma/Tr-gl_498.jpg,0.9294
Training/glioma_tumor/gg (286).jpg,glioma_tumor,Training/glioma/Tr-gl_1215.jpg,0.8805
Training/glioma_tumor/gg (287).jpg,glioma_tumor,Training/glioma/Tr-gl_733.jpg,0.8171
Training/glioma_tumor/gg (289).jpg,glioma_tumor,Training/glioma/Tr-gl_1215.jpg,0.9090
Training/glioma_tumor/gg (29).jpg,glioma_tumor,Testing/pituitary/Te-pi_400.jpg,0.6852
Training/glioma_tumor/gg (290).jpg,glioma_tumor,Training/glioma/Tr-gl_1215.jpg,0.8454
Training/glioma_tumor/gg (291).jpg,glioma_tumor,Training/glioma/Tr-gl_762.jpg,0.9164
Training/glioma_tumor/gg (293).jpg,glioma_tumor,Training/glioma/Tr-gl_762.jpg,0.9032
Training/glioma_tumor/gg (294).jpg,glioma_tumor,Training/glioma/Tr-gl_1215.jpg,0.9090
Training/glioma_tumor/gg (295).jpg,glioma_tumor,Training/glioma/Tr-gl_1169.jpg,0.8403
Training/glioma_tumor/gg (297).jpg,glioma_tumor,Training/glioma/Tr-gl_434.jpg,0.8687
Training/glioma_tumor/gg (298).jpg,glioma_tumor,Training/glioma/Tr-gl_1202.jpg,0.8202
Training/glioma_tumor/gg (299).jpg,glioma_tumor,Training/glioma/Tr-gl_45.jpg,0.8112
Training/glioma_tumor/gg (3).jpg,glioma_tumor,Training/glioma/Tr-gl_348.jpg,0.8680
Training/glioma_tumor/gg (30).jpg,glioma_tumor,Training/glioma/Tr-gl_806.jpg,0.6916
Training/glioma_tumor/gg (301).jpg,glioma_tumor,Training/glioma/Tr-gl_543.jpg,0.8434
Training/glioma_tumor/gg (302).jpg,glioma_tumor,Training/glioma/Tr-gl_235.jpg,0.7714
Training/glioma_tumor/gg (303).jpg,glioma_tumor,Training/meningioma/Tr-me_71.jpg,0.8113
Training/glioma_tumor/gg (305).jpg,glioma_tumor,Training/glioma/Tr-gl_1014.jpg,0.9022
Training/glioma_tumor/gg (306).jpg,glioma_tumor,Training/meningioma/Tr-me_763.jpg,0.8343
Training/glioma_tumor/gg (307).jpg,glioma_tumor,Training/glioma/Tr-gl_839.jpg,0.8992
Training/glioma_tumor/gg (309).jpg,glioma_tumor,Training/glioma/Tr-gl_839.jpg,0.8941
Training/glioma_tumor/gg (31).jpg,glioma_tumor,Training/glioma/Tr-gl_806.jpg,0.6836
Training/glioma_tumor/gg (310).jpg,glioma_tumor,Training/glioma/Tr-gl_477.jpg,0.8846
Training/glioma_tumor/gg (311).jpg,glioma_tumor,Training/glioma/Tr-gl_942.jpg,0.8803
Training/glioma_tumor/gg (313).jpg,glioma_tumor,Training/glioma/Tr-gl_76.jpg,0.8502
Training/glioma_tumor/gg (314).jpg,glioma_tumor,Training/glioma/Tr-gl_736.jpg,0.8580
Training/glioma_tumor/gg (315).jpg,glioma_tumor,Training/glioma/Tr-gl_429.jpg,0.8914
Training/glioma_tumor/gg (317).jpg,glioma_tumor,Training/glioma/Tr-gl_429.jpg,0.8852
Training/glioma_tumor/gg (318).jpg,glioma_tumor,Training/glioma/Tr-gl_97.jpg,0.8666
Training/glioma_tumor/gg (319).jpg,glioma_tumor,Training/glioma/Tr-gl_388.jpg,0.9091
Training/glioma_tumor/gg (32).jpg,glioma_tumor,Training/meningioma/Tr-me_459.jpg,0.7433
Training/glioma_tumor/gg (321).jpg,glioma_tumor,Training/glioma/Tr-gl_388.jpg,0.8859
Training/glioma_tumor/gg (322).jpg,glioma_tumor,Training/glioma/Tr-gl_430.jpg,0.8443
Training/glioma_tumor/gg (323).jpg,glioma_tumor,Training/glioma/Tr-gl_299.jpg,0.8764
Training/glioma_tumor/gg (325).jpg,glioma_tumor,Training/glioma/Tr-gl_1010.jpg,0.8829
Training/glioma_tumor/gg (326).jpg,glioma_tumor,Training/glioma/Tr-gl_824.jpg,0.8659
Training/glioma_tumor/gg (327).jpg,glioma_tumor,Training/glioma/Tr-gl_824.jpg,0.9114
Training/glioma_tumor/gg (329).jpg,glioma_tumor,Training/glioma/Tr-gl_1100.jpg,0.8031
Training/glioma_tumor/gg (33).jpg,glioma_tumor,Training/meningioma/Tr-me_430.jpg,0.7327
Training/glioma_tumor/gg (330).jpg,glioma_tumor,Training/glioma/Tr-gl_742.jpg,0.8339
Training/glioma_tumor/gg (331).jpg,glioma_tumor,Training/glioma/Tr-gl_742.jpg,0.8941
Training/glioma_tumor/gg (333).jpg,glioma_tumor,Training/glioma/Tr-gl_742.jpg,0.8661
Training/glioma_tumor/gg (334).jpg,glioma_tumor,Training/glioma/Tr-gl_838.jpg,0.7808
Training/glioma_tumor/gg (337).jpg,glioma_tumor,Training/meningioma/Tr-me_246.jpg,0.8597
Training/glioma_tumor/gg (338).jpg,glioma_tumor,Training/meningioma/Tr-me_246.jpg,0.8611
Training/glioma_tumor/gg (339).jpg,glioma_tumor,Training/glioma/Tr-gl_322.jpg,0.8361
Training/glioma_tumor/gg (34).jpg,glioma_tumor,Training/meningioma/Tr-me_272.jpg,0.7375
Training/glioma_tumor/gg (341).jpg,glioma_tumor,Training/glioma/Tr-gl_800.jpg,0.8122
Training/glioma_tumor/gg (342).jpg,glioma_tumor,Training/glioma/Tr-gl_856.jpg,0.8363
Training/glioma_tumor/gg (343).jpg,glioma_tumor,Training/glioma/Tr-gl_856.jpg,0.8046
Training/glioma_tumor/gg (345).jpg,glioma_tumor,Training/glioma/Tr-gl_576.jpg,0.8503
Training/glioma_tumor/gg (346).jpg,glioma_tumor,Training/glioma/Tr-gl_4.jpg,0.7524
Training/glioma_tumor/gg (347).jpg,glioma_tumor,Training/glioma/Tr-gl_516.jpg,0.8975
Training/glioma_tumor/gg (349).jpg,glioma_tumor,Training/glioma/Tr-gl_516.jpg,0.9162
Training/glioma_tumor/gg (35).jpg,glioma_tumor,Training/meningioma/Tr-me_391.jpg,0.7144
Training/glioma_tumor/gg (350).jpg,glioma_tumor,Training/glioma/Tr-gl_1018.jpg,0.8213
Training/glioma_tumor/gg (351).jpg,glioma_tumor,Training/glioma/Tr-gl_1018.jpg,0.8861
Training/glioma_tumor/gg (353).jpg,glioma_tumor,Training/glioma/Tr-gl_1018.jpg,0.8822
Training/glioma_tumor/gg (354).jpg,glioma_tumor,Training/glioma/Tr-gl_1018.jpg,0.7846
Training/glioma_tumor/gg (355).jpg,glioma_tumor,Training/glioma/Tr-gl_1123.jpg,0.8384
Training/glioma_tumor/gg (357).jpg,glioma_tumor,Training/notumor/Tr-no_300.jpg,0.7416
Training/glioma_tumor/gg (358).jpg,glioma_tumor,Training/meningioma/Tr-me_615.jpg,0.7299
Training/glioma_tumor/gg (359).jpg,glioma_tumor,Training/meningioma/Tr-me_402.jpg,0.7381
Training/glioma_tumor/gg (36).jpg,glioma_tumor,Training/meningioma/Tr-me_391.jpg,0.6983
Training/glioma_tumor/gg (361).jpg,glioma_tumor,Training/glioma/Tr-gl_1204.jpg,0.7692
Training/glioma_tumor/gg (362).jpg,glioma_tumor,Training/meningioma/Tr-me_732.jpg,0.8159
Training/glioma_tumor/gg (363).jpg,glioma_tumor,Training/meningioma/Tr-me_1150.jpg,0.8277
Training/glioma_tumor/gg (365).jpg,glioma_tumor,Training/meningioma/Tr-me_1154.jpg,0.6803
Training/glioma_tumor/gg (366).jpg,glioma_tumor,Training/meningioma/Tr-me_1154.jpg,0.6905
Training/glioma_tumor/gg (367).jpg,glioma_tumor,Training/glioma/Tr-gl_1174.jpg,0.6772
Training/glioma_tumor/gg (37).jpg,glioma_tumor,Training/meningioma/Tr-me_1016.jpg,0.6830
Training/glioma_tumor/gg (370).jpg,glioma_tumor,Testing/glioma/Te-gl_270.jpg,0.7656
Training/glioma_tumor/gg (371).jpg,glioma_tumor,Training/glioma/Tr-gl_413.jpg,0.8424
Training/glioma_tumor/gg (373).jpg,glioma_tumor,Training/glioma/Tr-gl_937.jpg,0.8540
Training/glioma_tumor/gg (374).jpg,glioma_tumor,Training/glioma/Tr-gl_112.jpg,0.8587
Training/glioma_tumor/gg (375).jpg,glioma_tumor,Training/glioma/Tr-gl_313.jpg,0.8938
Training/glioma_tumor/gg (377).jpg,glioma_tumor,Training/glioma/Tr-gl_313.jpg,0.8854
Training/glioma_tumor/gg (378).jpg,glioma_tumor,Training/glioma/Tr-gl_723.jpg,0.8191
Training/glioma_tumor/gg (379).jpg,glioma_tumor,Training/glioma/Tr-gl_954.jpg,0.7977
Training/glioma_tumor/gg (38).jpg,glioma_tumor,Training/glioma/Tr-gl_578.jpg,0.7564
Training/glioma_tumor/gg (381).jpg,glioma_tumor,Training/glioma/Tr-gl_335.jpg,0.7892
Training/glioma_tumor/gg (382).jpg,glioma_tumor,Training/glioma/Tr-gl_441.jpg,0.8222
Training/glioma_tumor/gg (383).jpg,glioma_tumor,Training/glioma/Tr-gl_441.jpg,0.8973
Training/glioma_tumor/gg (385).jpg,glioma_tumor,Training/meningioma/Tr-me_196.jpg,0.8604
Training/glioma_tumor/gg (386).jpg,glioma_tumor,Training/meningioma/Tr-me_864.jpg,0.8535
Training/glioma_tumor/gg (387).jpg,glioma_tumor,Training/meningioma/Tr-me_727.jpg,0.8608
Training/glioma_tumor/gg (389).jpg,glioma_tumor,Training/meningioma/Tr-me_1065.jpg,0.8091
Training/glioma_tumor/gg (39).jpg,glioma_tumor,Training/glioma/Tr-gl_838.jpg,0.7249
Training/glioma_tumor/gg (390).jpg,glioma_tumor,Training/meningioma/Tr-me_1060.jpg,0.8006
Training/glioma_tumor/gg (391).jpg,glioma_tumor,Training/glioma/Tr-gl_1202.jpg,0.8198
Training/glioma_tumor/gg (393).jpg,glioma_tumor,Training/glioma/Tr-gl_185.jpg,0.8530
Training/glioma_tumor/gg (394).jpg,glioma_tumor,Training/glioma/Tr-gl_429.jpg,0.8231
Training/glioma_tumor/gg (395).jpg,glioma_tumor,Training/glioma/Tr-gl_429.jpg,0.8114
Training/glioma_tumor/gg (397).jpg,glioma_tumor,Training/glioma/Tr-gl_37.jpg,0.8261
Training/glioma_tumor/gg (398).jpg,glioma_tumor,Training/glioma/Tr-gl_179.jpg,0.8846
Training/glioma_tumor/gg (399).jpg,glioma_tumor,Training/glioma/Tr-gl_179.jpg,0.8368
Training/glioma_tumor/gg (4).jpg,glioma_tumor,Training/glioma/Tr-gl_352.jpg,0.8654
Training/glioma_tumor/gg (40).jpg,glioma_tumor,Training/glioma/Tr-gl_625.jpg,0.7325
Training/glioma_tumor/gg (401).jpg,glioma_tumor,Training/glioma/Tr-gl_179.jpg,0.8859
Training/glioma_tumor/gg (402).jpg,glioma_tumor,Training/glioma/Tr-gl_47.jpg,0.8153
Training/glioma_tumor/gg (403).jpg,glioma_tumor,Training/glioma/Tr-gl_701.jpg,0.8432
Training/glioma_tumor/gg (405).jpg,glioma_tumor,Training/meningioma/Tr-me_937.jpg,0.8060
Training/glioma_tumor/gg (406).jpg,glioma_tumor,Training/glioma/Tr-gl_783.jpg,0.8125
Training/glioma_tumor/gg (407).jpg,glioma_tumor,Training/glioma/Tr-gl_200.jpg,0.8987
Training/glioma_tumor/gg (409).jpg,glioma_tumor,Training/glioma/Tr-gl_152.jpg,0.9692
Training/glioma_tumor/gg (41).jpg,glioma_tumor,Testing/glioma/Te-gl_95.jpg,0.7220
Training/glioma_tumor/gg (410).jpg,glioma_tumor,Training/glioma/Tr-gl_833.jpg,0.9664
Training/glioma_tumor/gg (411).jpg,glioma_tumor,Training/glioma/Tr-gl_101.jpg,0.9616
Training/glioma_tumor/gg (413).jpg,glioma_tumor,Training/glioma/Tr-gl_878.jpg,0.9357
Training/glioma_tumor/gg (414).jpg,glioma_tumor,Training/glioma/Tr-gl_574.jpg,0.8937
Training/glioma_tumor/gg (415).jpg,glioma_tumor,Training/glioma/Tr-gl_957.jpg,0.8827
Training/glioma_tumor/gg (417).jpg,glioma_tumor,Training/glioma/Tr-gl_805.jpg,0.8516
Training/glioma_tumor/gg (418).jpg,glioma_tumor,Testing/glioma/Te-gl_183.jpg,0.8473
Training/glioma_tumor/gg (419).jpg,glioma_tumor,Training/glioma/Tr-gl_1130.jpg,0.8133
Training/glioma_tumor/gg (42).jpg,glioma_tumor,Training/glioma/Tr-gl_175.jpg,0.7302
Training/glioma_tumor/gg (421).jpg,glioma_tumor,Training/glioma/Tr-gl_682.jpg,0.8456
Training/glioma_tumor/gg (422).jpg,glioma_tumor,Training/meningioma/Tr-me_890.jpg,0.7808
Training/glioma_tumor/gg (423).jpg,glioma_tumor,Training/glioma/Tr-gl_931.jpg,0.8578
Training/glioma_tumor/gg (425).jpg,glioma_tumor,Training/glioma/Tr-gl_181.jpg,0.7379
Training/glioma_tumor/gg (426).jpg,glioma_tumor,Training/meningioma/Tr-me_539.jpg,0.6827
Training/glioma_tumor/gg (427).jpg,glioma_tumor,Training/meningioma/Tr-me_437.jpg,0.6667
Training/glioma_tumor/gg (429).jpg,glioma_tumor,Training/glioma/Tr-gl_780.jpg,0.7468
Training/glioma_tumor/gg (43).jpg,glioma_tumor,Training/meningioma/Tr-me_461.jpg,0.7243
Training/glioma_tumor/gg (430).jpg,glioma_tumor,Training/pituitary/Tr-pi_555.jpg,0.6456
Training/glioma_tumor/gg (431).jpg,glioma_tumor,Training/glioma/Tr-gl_720.jpg,0.7934
Training/glioma_tumor/gg (433).jpg,glioma_tumor,Training/meningioma/Tr-me_483.jpg,0.7689
Training/glioma_tumor/gg (434).jpg,glioma_tumor,Training/meningioma/Tr-me_888.jpg,0.7625
Training/glioma_tumor/gg (435).jpg,glioma_tumor,Training/glioma/Tr-gl_181.jpg,0.7985
Training/glioma_tumor/gg (437).jpg,glioma_tumor,Training/glioma/Tr-gl_823.jpg,0.9552
Training/glioma_tumor/gg (438).jpg,glioma_tumor,Training/glioma/Tr-gl_823.jpg,0.9003
Training/glioma_tumor/gg (439).jpg,glioma_tumor,Training/glioma/Tr-gl_1256.jpg,0.9146
Training/glioma_tumor/gg (44).jpg,glioma_tumor,Training/meningioma/Tr-me_677.jpg,0.7662
Training/glioma_tumor/gg (441).jpg,glioma_tumor,Training/glioma/Tr-gl_1380.jpg,0.8091
Training/glioma_tumor/gg (442).jpg,glioma_tumor,Training/meningioma/Tr-me_655.jpg,0.8123
Training/glioma_tumor/gg (443).jpg,glioma_tumor,Testing/glioma/Te-gl_169.jpg,0.8617
Training/glioma_tumor/gg (445).jpg,glioma_tumor,Training/glioma/Tr-gl_1271.jpg,0.8741
Training/glioma_tumor/gg (446).jpg,glioma_tumor,Testing/glioma/Te-gl_21.jpg,0.8494
Training/glioma_tumor/gg (449).jpg,glioma_tumor,Training/glioma/Tr-gl_1030.jpg,0.8933
Training/glioma_tumor/gg (45).jpg,glioma_tumor,Training/meningioma/Tr-me_677.jpg,0.7606
Training/glioma_tumor/gg (450).jpg,glioma_tumor,Training/meningioma/Tr-me_1015.jpg,0.8312
Training/glioma_tumor/gg (451).jpg,glioma_tumor,Training/meningioma/Tr-me_608.jpg,0.7513
Training/glioma_tumor/gg (453).jpg,glioma_tumor,Training/glioma/Tr-gl_1266.jpg,0.7981
Training/glioma_tumor/gg (454).jpg,glioma_tumor,Training/glioma/Tr-gl_307.jpg,0.9061
Training/glioma_tumor/gg (455).jpg,glioma_tumor,Training/glioma/Tr-gl_307.jpg,0.9032
Training/glioma_tumor/gg (457).jpg,glioma_tumor,Training/glioma/Tr-gl_307.jpg,0.8549
Training/glioma_tumor/gg (458).jpg,glioma_tumor,Training/glioma/Tr-gl_307.jpg,0.6395
Training/glioma_tumor/gg (459).jpg,glioma_tumor,Training/glioma/Tr-gl_133.jpg,0.7294
Training/glioma_tumor/gg (46).jpg,glioma_tumor,Training/meningioma/Tr-me_391.jpg,0.7426
Training/glioma_tumor/gg (461).jpg,glioma_tumor,Training/glioma/Tr-gl_133.jpg,0.7421
Training/glioma_tumor/gg (462).jpg,glioma_tumor,Testing/glioma/Te-gl_118.jpg,0.6712
Training/glioma_tumor/gg (463).jpg,glioma_tumor,Training/meningioma/Tr-me_699.jpg,0.7953
Training/glioma_tumor/gg (465).jpg,glioma_tumor,Training/glioma/Tr-gl_1273.jpg,0.7612
Training/glioma_tumor/gg (466).jpg,glioma_tumor,Training/meningioma/Tr-me_293.jpg,0.7437
Training/glioma_tumor/gg (467).jpg,glioma_tumor,Training/meningioma/Tr-me_625.jpg,0.7723
Training/glioma_tumor/gg (469).jpg,glioma_tumor,Training/meningioma/Tr-me_671.jpg,0.7454
Training/glioma_tumor/gg (47).jpg,glioma_tumor,Training/meningioma/Tr-me_391.jpg,0.7677
Training/glioma_tumor/gg (470).jpg,glioma_tumor,Training/glioma/Tr-gl_721.jpg,0.7096
Training/glioma_tumor/gg (471).jpg,glioma_tumor,Training/glioma/Tr-gl_33.jpg,0.8085
Training/glioma_tumor/gg (473).jpg,glioma_tumor,Testing/glioma/Te-gl_256.jpg,0.8546
Training/glioma_tumor/gg (474).jpg,glioma_tumor,Training/glioma/Tr-gl_40.jpg,0.9474
Training/glioma_tumor/gg (475).jpg,glioma_tumor,Training/glioma/Tr-gl_40.jpg,0.9700
Training/glioma_tumor/gg (477).jpg,glioma_tumor,Training/glioma/Tr-gl_40.jpg,0.9422
Training/glioma_tumor/gg (478).jpg,glioma_tumor,Training/glioma/Tr-gl_875.jpg,0.9184
Training/glioma_tumor/gg (479).jpg,glioma_tumor,Training/glioma/Tr-gl_1138.jpg,0.9380
Training/glioma_tumor/gg (48).jpg,glioma_tumor,Training/meningioma/Tr-me_906.jpg,0.7505
Training/glioma_tumor/gg (481).jpg,glioma_tumor,Training/glioma/Tr-gl_1138.jpg,0.9038
Training/glioma_tumor/gg (482).jpg,glioma_tumor,Testing/meningioma/Te-me_104.jpg,0.8420
Training/glioma_tumor/gg (483).jpg,glioma_tumor,Training/glioma/Tr-gl_473.jpg,0.9423
Training/glioma_tumor/gg (485).jpg,glioma_tumor,Training/glioma/Tr-gl_473.jpg,0.9215
Training/glioma_tumor/gg (486).jpg,glioma_tumor,Training/meningioma/Tr-me_1093.jpg,0.8438
Training/glioma_tumor/gg (487).jpg,glioma_tumor,Training/meningioma/Tr-me_531.jpg,0.8611
Training/glioma_tumor/gg (489).jpg,glioma_tumor,Training/glioma/Tr-gl_1005.jpg,0.8917
Training/glioma_tumor/gg (49).jpg,glioma_tumor,Training/meningioma/Tr-me_1114.jpg,0.7501
Training/glioma_tumor/gg (490).jpg,glioma_tumor,Training/glioma/Tr-gl_377.jpg,0.9236
Training/glioma_tumor/gg (491).jpg,glioma_tumor,Training/glioma/Tr-gl_377.jpg,0.9601
Training/glioma_tumor/gg (493).jpg,glioma_tumor,Training/glioma/Tr-gl_377.jpg,0.9415
Training/glioma_tumor/gg (494).jpg,glioma_tumor,Training/glioma/Tr-gl_109.jpg,0.9326
Training/glioma_tumor/gg (495).jpg,glioma_tumor,Testing/glioma/Te-gl_269.jpg,0.9525
Training/glioma_tumor/gg (497).jpg,glioma_tumor,Training/glioma/Tr-gl_1211.jpg,0.9718
Training/glioma_tumor/gg (498).jpg,glioma_tumor,Training/glioma/Tr-gl_735.jpg,0.8105
Training/glioma_tumor/gg (499).jpg,glioma_tumor,Training/glioma/Tr-gl_735.jpg,0.8526
Training/glioma_tumor/gg (5).jpg,glioma_tumor,Training/glioma/Tr-gl_106.jpg,0.8595
Training/glioma_tumor/gg (50).jpg,glioma_tumor,Training/meningioma/Tr-me_798.jpg,0.7198
Training/glioma_tumor/gg (501).jpg,glioma_tumor,Training/glioma/Tr-gl_1370.jpg,0.8691
Training/glioma_tumor/gg (502).jpg,glioma_tumor,Testing/meningioma/Te-me_25.jpg,0.8926
Training/glioma_tumor/gg (503).jpg,glioma_tumor,Training/meningioma/Tr-me_924.jpg,0.9040
Training/glioma_tumor/gg (505).jpg,glioma_tumor,Training/glioma/Tr-gl_326.jpg,0.9013
Training/glioma_tumor/gg (506).jpg,glioma_tumor,Training/meningioma/Tr-me_103.jpg,0.8262
Training/glioma_tumor/gg (507).jpg,glioma_tumor,Training/meningioma/Tr-me_692.jpg,0.8460
Training/glioma_tumor/gg (509).jpg,glioma_tumor,Training/glioma/Tr-gl_734.jpg,0.8890
Training/glioma_tumor/gg (51).jpg,glioma_tumor,Training/meningioma/Tr-me_150.jpg,0.7348
Training/glioma_tumor/gg (510).jpg,glioma_tumor,Training/glioma/Tr-gl_1071.jpg,0.8375
Training/glioma_tumor/gg (511).jpg,glioma_tumor,Training/glioma/Tr-gl_1071.jpg,0.9315
Training/glioma_tumor/gg (513).jpg,glioma_tumor,Training/glioma/Tr-gl_1071.jpg,0.9584
Training/glioma_tumor/gg (514).jpg,glioma_tumor,Training/glioma/Tr-gl_563.jpg,0.9316
Training/glioma_tumor/gg (515).jpg,glioma_tumor,Training/glioma/Tr-gl_563.jpg,0.9630
Training/glioma_tumor/gg (517).jpg,glioma_tumor,Training/glioma/Tr-gl_1328.jpg,0.7637
Training/glioma_tumor/gg (518).jpg,glioma_tumor,Training/glioma/Tr-gl_1328.jpg,0.7932
Training/glioma_tumor/gg (519).jpg,glioma_tumor,Training/glioma/Tr-gl_1328.jpg,0.8073
Training/glioma_tumor/gg (52).jpg,glioma_tumor,Training/meningioma/Tr-me_801.jpg,0.6877
Training/glioma_tumor/gg (521).jpg,glioma_tumor,Training/glioma/Tr-gl_1328.jpg,0.7303
Training/glioma_tumor/gg (522).jpg,glioma_tumor,Training/pituitary/Tr-pi_391.jpg,0.7343
Training/glioma_tumor/gg (523).jpg,glioma_tumor,Training/glioma/Tr-gl_735.jpg,0.7368
Training/glioma_tumor/gg (525).jpg,glioma_tumor,Training/glioma/Tr-gl_194.jpg,0.8954
Training/glioma_tumor/gg (526).jpg,glioma_tumor,Training/glioma/Tr-gl_315.jpg,0.8693
Training/glioma_tumor/gg (527).jpg,glioma_tumor,Training/glioma/Tr-gl_1039.jpg,0.8858
Training/glioma_tumor/gg (529).jpg,glioma_tumor,Testing/meningioma/Te-me_141.jpg,0.8027
Training/glioma_tumor/gg (53).jpg,glioma_tumor,Training/pituitary/Tr-pi_1172.jpg,0.6884
Training/glioma_tumor/gg (530).jpg,glioma_tumor,Testing/glioma/Te-gl_177.jpg,0.8627
Training/glioma_tumor/gg (531).jpg,glioma_tumor,Training/glioma/Tr-gl_1229.jpg,0.8702
Training/glioma_tumor/gg (534).jpg,glioma_tumor,Testing/glioma/Te-gl_219.jpg,0.8635
Training/glioma_tumor/gg (535).jpg,glioma_tumor,Testing/glioma/Te-gl_283.jpg,0.8902
Training/glioma_tumor/gg (536).jpg,glioma_tumor,Training/glioma/Tr-gl_1187.jpg,0.9156
Training/glioma_tumor/gg (539).jpg,glioma_tumor,Training/glioma/Tr-gl_553.jpg,0.9396
Training/glioma_tumor/gg (54).jpg,glioma_tumor,Training/pituitary/Tr-pi_1232.jpg,0.6693
Training/glioma_tumor/gg (540).jpg,glioma_tumor,Testing/glioma/Te-gl_385.jpg,0.9006
Training/glioma_tumor/gg (542).jpg,glioma_tumor,Training/meningioma/Tr-me_210.jpg,0.8871
Training/glioma_tumor/gg (543).jpg,glioma_tumor,Training/meningioma/Tr-me_537.jpg,0.9034
Training/glioma_tumor/gg (544).jpg,glioma_tumor,Testing/glioma/Te-gl_298.jpg,0.8381
Training/glioma_tumor/gg (546).jpg,glioma_tumor,Training/glioma/Tr-gl_584.jpg,0.8651
Training/glioma_tumor/gg (547).jpg,glioma_tumor,Training/glioma/Tr-gl_584.jpg,0.8350
Training/glioma_tumor/gg (55).jpg,glioma_tumor,Training/meningioma/Tr-me_619.jpg,0.7456
Training/glioma_tumor/gg (550).jpg,glioma_tumor,Testing/glioma/Te-gl_111.jpg,0.8872
Training/glioma_tumor/gg (551).jpg,glioma_tumor,Testing/glioma/Te-gl_111.jpg,0.8665
Training/glioma_tumor/gg (552).jpg,glioma_tumor,Training/glioma/Tr-gl_1269.jpg,0.9359
Training/glioma_tumor/gg (555).jpg,glioma_tumor,Training/glioma/Tr-gl_360.jpg,0.8633
Training/glioma_tumor/gg (556).jpg,glioma_tumor,Testing/glioma/Te-gl_34.jpg,0.9075
Training/glioma_tumor/gg (558).jpg,glioma_tumor,Training/glioma/Tr-gl_423.jpg,0.8888
Training/glioma_tumor/gg (56).jpg,glioma_tumor,Training/meningioma/Tr-me_988.jpg,0.7241
Training/glioma_tumor/gg (560).jpg,glioma_tumor,Testing/glioma/Te-gl_9.jpg,0.9280
Training/glioma_tumor/gg (562).jpg,glioma_tumor,Testing/glioma/Te-gl_139.jpg,0.8227
Training/glioma_tumor/gg (563).jpg,glioma_tumor,Testing/glioma/Te-gl_139.jpg,0.9231
Training/glioma_tumor/gg (566).jpg,glioma_tumor,Testing/glioma/Te-gl_139.jpg,0.9500
Training/glioma_tumor/gg (567).jpg,glioma_tumor,Testing/glioma/Te-gl_179.jpg,0.9364
Training/glioma_tumor/gg (568).jpg,glioma_tumor,Testing/glioma/Te-gl_179.jpg,0.9717
Training/glioma_tumor/gg (57).jpg,glioma_tumor,Training/meningioma/Tr-aug-me_50.jpg,0.7212
Training/glioma_tumor/gg (571).jpg,glioma_tumor,Training/glioma/Tr-gl_1367.jpg,0.9471
Training/glioma_tumor/gg (572).jpg,glioma_tumor,Training/glioma/Tr-gl_949.jpg,0.9139
Training/glioma_tumor/gg (574).jpg,glioma_tumor,Testing/glioma/Te-gl_146.jpg,0.9043
Training/glioma_tumor/gg (576).jpg,glioma_tumor,Testing/glioma/Te-gl_344.jpg,0.9027
Training/glioma_tumor/gg (578).jpg,glioma_tumor,Testing/glioma/Te-gl_200.jpg,0.9130
Training/glioma_tumor/gg (579).jpg,glioma_tumor,Training/glioma/Tr-gl_895.jpg,0.9179
Training/glioma_tumor/gg (58).jpg,glioma_tumor,Training/meningioma/Tr-aug-me_50.jpg,0.7178
Training/glioma_tumor/gg (582).jpg,glioma_tumor,Training/glioma/Tr-gl_672.jpg,0.7818
Training/glioma_tumor/gg (583).jpg,glioma_tumor,Training/glioma/Tr-gl_1013.jpg,0.8320
Training/glioma_tumor/gg (584).jpg,glioma_tumor,Training/glioma/Tr-gl_1013.jpg,0.8463
Training/glioma_tumor/gg (587).jpg,glioma_tumor,Training/glioma/Tr-gl_1254.jpg,0.9449
Training/glioma_tumor/gg (588).jpg,glioma_tumor,Testing/glioma/Te-gl_216.jpg,0.9584
Training/glioma_tumor/gg (59).jpg,glioma_tumor,Training/meningioma/Tr-me_385.jpg,0.7252
Training/glioma_tumor/gg (590).jpg,glioma_tumor,Testing/glioma/Te-gl_216.jpg,0.9474
Training/glioma_tumor/gg (592).jpg,glioma_tumor,Training/glioma/Tr-gl_287.jpg,0.8966
Training/glioma_tumor/gg (594).jpg,glioma_tumor,Training/glioma/Tr-gl_675.jpg,0.9005
Training/glioma_tumor/gg (595).jpg,glioma_tumor,Training/glioma/Tr-gl_1231.jpg,0.9499
Training/glioma_tumor/gg (598).jpg,glioma_tumor,Training/glioma/Tr-gl_986.jpg,0.8902
Training/glioma_tumor/gg (599).jpg,glioma_tumor,Training/glioma/Tr-gl_453.jpg,0.8853
Training/glioma_tumor/gg (6).jpg,glioma_tumor,Training/glioma/Tr-gl_1337.jpg,0.8879
Training/glioma_tumor/gg (60).jpg,glioma_tumor,Training/meningioma/Tr-me_1176.jpg,0.7478
Training/glioma_tumor/gg (600).jpg,glioma_tumor,Training/meningioma/Tr-me_1052.jpg,0.9085
Training/glioma_tumor/gg (603).jpg,glioma_tumor,Training/glioma/Tr-gl_382.jpg,0.9113
Training/glioma_tumor/gg (604).jpg,glioma_tumor,Training/glioma/Tr-gl_327.jpg,0.8250
Training/glioma_tumor/gg (606).jpg,glioma_tumor,Training/glioma/Tr-gl_1168.jpg,0.9348
Training/glioma_tumor/gg (608).jpg,glioma_tumor,Testing/glioma/Te-gl_75.jpg,0.9524
Training/glioma_tumor/gg (61).jpg,glioma_tumor,Training/meningioma/Tr-me_1176.jpg,0.7422
Training/glioma_tumor/gg (610).jpg,glioma_tumor,Testing/glioma/Te-gl_75.jpg,0.9370
Training/glioma_tumor/gg (611).jpg,glioma_tumor,Training/glioma/Tr-gl_318.jpg,0.8776
Training/glioma_tumor/gg (614).jpg,glioma_tumor,Testing/glioma/Te-gl_136.jpg,0.9305
Training/glioma_tumor/gg (615).jpg,glioma_tumor,Testing/glioma/Te-gl_132.jpg,0.8989
Training/glioma_tumor/gg (616).jpg,glioma_tumor,Testing/glioma/Te-gl_132.jpg,0.9610
Training/glioma_tumor/gg (619).jpg,glioma_tumor,Training/glioma/Tr-gl_923.jpg,0.9134
Training/glioma_tumor/gg (62).jpg,glioma_tumor,Training/pituitary/Tr-pi_593.jpg,0.7178
Training/glioma_tumor/gg (620).jpg,glioma_tumor,Testing/glioma/Te-gl_12.jpg,0.9255
Training/glioma_tumor/gg (622).jpg,glioma_tumor,Training/glioma/Tr-gl_1084.jpg,0.9155
Training/glioma_tumor/gg (626).jpg,glioma_tumor,Testing/glioma/Te-gl_296.jpg,0.8963
Training/glioma_tumor/gg (627).jpg,glioma_tumor,Training/glioma/Tr-gl_396.jpg,0.9513
Training/glioma_tumor/gg (63).jpg,glioma_tumor,Training/pituitary/Tr-pi_593.jpg,0.6891
Training/glioma_tumor/gg (630).jpg,glioma_tumor,Training/meningioma/Tr-me_1039.jpg,0.8224
Training/glioma_tumor/gg (631).jpg,glioma_tumor,Testing/glioma/Te-gl_387.jpg,0.8073
Training/glioma_tumor/gg (632).jpg,glioma_tumor,Testing/glioma/Te-gl_387.jpg,0.9064
Training/glioma_tumor/gg (635).jpg,glioma_tumor,Training/glioma/Tr-gl_1082.jpg,0.8776
Training/glioma_tumor/gg (636).jpg,glioma_tumor,Testing/glioma/Te-gl_387.jpg,0.9602
Training/glioma_tumor/gg (638).jpg,glioma_tumor,Testing/glioma/Te-gl_387.jpg,0.9678
Training/glioma_tumor/gg (64).jpg,glioma_tumor,Training/pituitary/Tr-pi_701.jpg,0.7091
Training/glioma_tumor/gg (640).jpg,glioma_tumor,Training/glioma/Tr-gl_452.jpg,0.8922
Training/glioma_tumor/gg (642).jpg,glioma_tumor,Training/glioma/Tr-gl_1342.jpg,0.8245
Training/glioma_tumor/gg (643).jpg,glioma_tumor,Training/glioma/Tr-gl_1342.jpg,0.9345
Training/glioma_tumor/gg (646).jpg,glioma_tumor,Testing/glioma/Te-gl_18.jpg,0.9503
Training/glioma_tumor/gg (647).jpg,glioma_tumor,Testing/glioma/Te-gl_18.jpg,0.9269
Training/glioma_tumor/gg (648).jpg,glioma_tumor,Testing/glioma/Te-gl_177.jpg,0.8626
Training/glioma_tumor/gg (65).jpg,glioma_tumor,Training/pituitary/Tr-pi_1010.jpg,0.6588
Training/glioma_tumor/gg (654).jpg,glioma_tumor,Training/glioma/Tr-gl_1350.jpg,0.9660
Training/glioma_tumor/gg (656).jpg,glioma_tumor,Training/glioma/Tr-gl_19.jpg,0.8969
Training/glioma_tumor/gg (658).jpg,glioma_tumor,Testing/glioma/Te-gl_223.jpg,0.9493
Training/glioma_tumor/gg (659).jpg,glioma_tumor,Training/glioma/Tr-gl_862.jpg,0.9703
Training/glioma_tumor/gg (66).jpg,glioma_tumor,Testing/pituitary/Te-pi_247.jpg,0.6628
Training/glioma_tumor/gg (662).jpg,glioma_tumor,Testing/glioma/Te-gl_141.jpg,0.9528
Training/glioma_tumor/gg (663).jpg,glioma_tumor,Testing/glioma/Te-gl_141.jpg,0.8674
Training/glioma_tumor/gg (664).jpg,glioma_tumor,Testing/glioma/Te-gl_282.jpg,0.9497
Training/glioma_tumor/gg (667).jpg,glioma_tumor,Training/glioma/Tr-gl_457.jpg,0.9595
Training/glioma_tumor/gg (668).jpg,glioma_tumor,Testing/glioma/Te-gl_61.jpg,0.9439
Training/glioma_tumor/gg (67).jpg,glioma_tumor,Testing/pituitary/Te-pi_247.jpg,0.6587
Training/glioma_tumor/gg (670).jpg,glioma_tumor,Training/glioma/Tr-gl_1217.jpg,0.8950
Training/glioma_tumor/gg (672).jpg,glioma_tumor,Testing/glioma/Te-gl_292.jpg,0.9290
Training/glioma_tumor/gg (674).jpg,glioma_tumor,Training/glioma/Tr-gl_104.jpg,0.8424
Training/glioma_tumor/gg (675).jpg,glioma_tumor,Training/glioma/Tr-gl_104.jpg,0.9289
Training/glioma_tumor/gg (678).jpg,glioma_tumor,Testing/glioma/Te-gl_235.jpg,0.9294
Training/glioma_tumor/gg (679).jpg,glioma_tumor,Testing/glioma/Te-gl_235.jpg,0.8569
Training/glioma_tumor/gg (68).jpg,glioma_tumor,Training/pituitary/Tr-pi_957.jpg,0.7146
Training/glioma_tumor/gg (680).jpg,glioma_tumor,Testing/glioma/Te-gl_206.jpg,0.9073
Training/glioma_tumor/gg (683).jpg,glioma_tumor,Training/glioma/Tr-gl_1115.jpg,0.8936
Training/glioma_tumor/gg (684).jpg,glioma_tumor,Testing/meningioma/Te-aug-me_89.jpg,0.8097
Training/glioma_tumor/gg (686).jpg,glioma_tumor,Training/glioma/Tr-gl_48.jpg,0.9060
Training/glioma_tumor/gg (688).jpg,glioma_tumor,Testing/glioma/Te-gl_373.jpg,0.8409
Training/glioma_tumor/gg (69).jpg,glioma_tumor,Training/pituitary/Tr-pi_957.jpg,0.7040
Training/glioma_tumor/gg (694).jpg,glioma_tumor,Testing/glioma/Te-gl_281.jpg,0.9102
Training/glioma_tumor/gg (695).jpg,glioma_tumor,Testing/glioma/Te-gl_281.jpg,0.8709
Training/glioma_tumor/gg (696).jpg,glioma_tumor,Testing/glioma/Te-gl_220.jpg,0.9046
Training/glioma_tumor/gg (70).jpg,glioma_tumor,Training/meningioma/Tr-me_461.jpg,0.7046
Training/glioma_tumor/gg (704).jpg,glioma_tumor,Training/glioma/Tr-gl_1153.jpg,0.9435
Training/glioma_tumor/gg (71).jpg,glioma_tumor,Training/meningioma/Tr-me_124.jpg,0.7137
Training/glioma_tumor/gg (710).jpg,glioma_tumor,Training/meningioma/Tr-me_730.jpg,0.8871
Training/glioma_tumor/gg (711).jpg,glioma_tumor,Training/glioma/Tr-gl_1277.jpg,0.8796
Training/glioma_tumor/gg (72).jpg,glioma_tumor,Training/meningioma/Tr-me_172.jpg,0.7704
Training/glioma_tumor/gg (73).jpg,glioma_tumor,Training/meningioma/Tr-me_172.jpg,0.7942
Training/glioma_tumor/gg (74).jpg,glioma_tumor,Training/meningioma/Tr-aug-me_13.jpg,0.8026
Training/glioma_tumor/gg (75).jpg,glioma_tumor,Training/meningioma/Tr-aug-me_13.jpg,0.7147
Training/glioma_tumor/gg (76).jpg,glioma_tumor,Training/meningioma/Tr-aug-me_13.jpg,0.7623
Training/glioma_tumor/gg (77).jpg,glioma_tumor,Training/meningioma/Tr-aug-me_13.jpg,0.7387
Training/glioma_tumor/gg (78).jpg,glioma_tumor,Training/meningioma/Tr-aug-me_13.jpg,0.7466
Training/glioma_tumor/gg (780).jpg,glioma_tumor,Training/glioma/Tr-gl_432.jpg,0.8996
Training/glioma_tumor/gg (79).jpg,glioma_tumor,Training/glioma/Tr-gl_1383.jpg,0.7745
Training/glioma_tumor/gg (8).jpg,glioma_tumor,Testing/glioma/Te-gl_190.jpg,0.9215
Training/glioma_tumor/gg (80).jpg,glioma_tumor,Training/glioma/Tr-gl_50.jpg,0.8172
Training/glioma_tumor/gg (81).jpg,glioma_tumor,Training/glioma/Tr-gl_1209.jpg,0.8552
Training/glioma_tumor/gg (82).jpg,glioma_tumor,Training/glioma/Tr-gl_1209.jpg,0.9029
Training/meningioma_tumor/m (146).jpg,meningioma_tumor,Training/meningioma/Tr-me_376.jpg,0.9487
Training/meningioma_tumor/m (155).jpg,meningioma_tumor,Testing/meningioma/Te-me_68.jpg,0.8862
Training/meningioma_tumor/m (156).jpg,meningioma_tumor,Training/glioma/Tr-gl_314.jpg,0.7740
Training/meningioma_tumor/m (157).jpg,meningioma_tumor,Training/meningioma/Tr-me_490.jpg,0.9105
Training/meningioma_tumor/m (93).jpg,meningioma_tumor,Training/meningioma/Tr-me_857.jpg,0.9172
Training/meningioma_tumor/m (94).jpg,meningioma_tumor,Testing/glioma/Te-gl_152.jpg,0.8922
Training/meningioma_tumor/m1(42).jpg,meningioma_tumor,Testing/meningioma/Te-me_191.jpg,0.9015
Training/meningioma_tumor/m1(43).jpg,meningioma_tumor,Training/meningioma/Tr-me_1031.jpg,0.8883
Training/meningioma_tumor/m1(44).jpg,meningioma_tumor,Training/meningioma/Tr-me_984.jpg,0.9408
Training/meningioma_tumor/m1(87).jpg,meningioma_tumor,Training/glioma/Tr-gl_1157.jpg,0.8300
Training/meningioma_tumor/m1(88).jpg,meningioma_tumor,Training/glioma/Tr-gl_1157.jpg,0.8211
Training/meningioma_tumor/m1(89).jpg,meningioma_tumor,Training/meningioma/Tr-me_198.jpg,0.8827
Training/meningioma_tumor/m2 (151).jpg,meningioma_tumor,Training/meningioma/Tr-me_213.jpg,0.8219
Training/meningioma_tumor/m2 (152).jpg,meningioma_tumor,Training/meningioma/Tr-me_997.jpg,0.7869
Training/meningioma_tumor/m2 (153).jpg,meningioma_tumor,Training/meningioma/Tr-me_997.jpg,0.8291
Training/meningioma_tumor/m2 (154).jpg,meningioma_tumor,Training/meningioma/Tr-me_375.jpg,0.7643
Training/meningioma_tumor/m2 (155).jpg,meningioma_tumor,Training/meningioma/Tr-me_146.jpg,0.8605
Training/meningioma_tumor/m2 (156).jpg,meningioma_tumor,Training/meningioma/Tr-me_1214.jpg,0.8449
Training/meningioma_tumor/m2 (157).jpg,meningioma_tumor,Training/glioma/Tr-gl_1348.jpg,0.8429
Training/meningioma_tumor/m2 (158).jpg,meningioma_tumor,Training/meningioma/Tr-me_840.jpg,0.8653
Training/meningioma_tumor/m2 (57).jpg,meningioma_tumor,Training/meningioma/Tr-me_1063.jpg,0.8780
Training/meningioma_tumor/m2 (58).jpg,meningioma_tumor,Training/meningioma/Tr-me_359.jpg,0.7240
Training/meningioma_tumor/m2 (59).jpg,meningioma_tumor,Training/meningioma/Tr-me_739.jpg,0.7687
Training/meningioma_tumor/m2 (6).jpg,meningioma_tumor,Training/meningioma/Tr-me_790.jpg,0.8712
Training/meningioma_tumor/m2 (60).jpg,meningioma_tumor,Training/meningioma/Tr-me_797.jpg,0.7563
Training/meningioma_tumor/m2 (61).jpg,meningioma_tumor,Training/meningioma/Tr-aug-me_40.jpg,0.7195
Training/meningioma_tumor/m2 (62).jpg,meningioma_tumor,Training/meningioma/Tr-aug-me_40.jpg,0.7162
Training/meningioma_tumor/m2 (63).jpg,meningioma_tumor,Training/meningioma/Tr-aug-me_40.jpg,0.7191
Training/meningioma_tumor/m3 (140).jpg,meningioma_tumor,Training/notumor/Tr-no_573.jpg,0.7046
Training/meningioma_tumor/m3 (141).jpg,meningioma_tumor,Training/notumor/Tr-no_754.jpg,0.6327
Training/meningioma_tumor/m3 (142).jpg,meningioma_tumor,Training/meningioma/Tr-me_450.jpg,0.6813
Training/no_tumor/image(13).jpg,no_tumor,Training/notumor/Tr-no_100.jpg,0.7908
Training/no_tumor/image(131).jpg,no_tumor,Training/notumor/Tr-no_607.jpg,0.8308
Training/no_tumor/image(132).jpg,no_tumor,Training/notumor/Tr-no_110.jpg,0.7142
Training/no_tumor/image(170).jpg,no_tumor,Training/notumor/Tr-no_607.jpg,0.6657
Training/no_tumor/image(212).jpg,no_tumor,Training/notumor/Tr-no_607.jpg,0.6291
Training/no_tumor/image(218).jpg,no_tumor,Training/notumor/Tr-no_607.jpg,0.6291
Training/no_tumor/image(267).jpg,no_tumor,Testing/meningioma/Te-me_129.jpg,0.5894
Training/no_tumor/image(9).jpg,no_tumor,Training/notumor/Tr-no_1261.jpg,0.8268
Testing/glioma_tumor/image(100).jpg,glioma_tumor,Training/meningioma/Tr-me_1032.jpg,0.5962
Testing/glioma_tumor/image(27).jpg,glioma_tumor,Training/meningioma/Tr-me_862.jpg,0.7385
Testing/glioma_tumor/image(4).jpg,glioma_tumor,Testing/glioma/Te-gl_211.jpg,0.8697
Testing/no_tumor/image(34).jpg,no_tumor,Training/notumor/Tr-no_1261.jpg,0.8268
Testing/no_tumor/image(38).jpg,no_tumor,Training/notumor/Tr-no_100.jpg,0.7908
Testing/pituitary_tumor/image(1).jpg,pituitary_tumor,Training/pituitary/Tr-pi_1185.jpg,0.6305
Testing/pituitary_tumor/image(18).jpg,pituitary_tumor,Training/pituitary/Tr-pi_566.jpg,0.6250
Testing/pituitary_tumor/image(2).jpg,pituitary_tumor,Training/pituitary/Tr-pi_1185.jpg,0.6305
Testing/pituitary_tumor/image(27).jpg,pituitary_tumor,Training/pituitary/Tr-pi_441.jpg,0.8771
Testing/pituitary_tumor/image(28).jpg,pituitary_tumor,Training/pituitary/Tr-pi_441.jpg,0.8771
Testing/pituitary_tumor/image(3).jpg,pituitary_tumor,Training/pituitary/Tr-pi_1185.jpg,0.6305
Testing/pituitary_tumor/image(34).jpg,pituitary_tumor,Training/pituitary/Tr-pi_936.jpg,0.7078
Testing/pituitary_tumor/image(7).jpg,pituitary_tumor,Training/meningioma/Tr-aug-me_55.jpg,0.6513
Testing/pituitary_tumor/image(8).jpg,pituitary_tumor,Training/meningioma/Tr-aug-me_55.jpg,0.6513
